beta,leakage,utility,mask_size
0.5,1.0,-4.5,8
0.5,1.0,-2.5,4
0.5,1.0,-2.5,4
0.5,1.0,-2.5,4
0.5,1.0,-2.0,3
0.5,1.0,-3.0,5
0.5,1.0,-2.0,3
0.5,1.0,-3.0,5
0.5,1.0,-3.5,6
0.5,1.0,-3.5,6
0.5,1.0,-1.5,2
0.5,1.0,-3.0,5
0.5,1.0,-2.0,3
0.5,1.0,-3.0,5
0.5,1.0,-3.5,6
0.5,1.0,-3.5,6
0.5,1.0,-3.0,5
0.5,1.0,-2.0,3
0.5,1.0,-2.0,3
0.5,1.0,-1.0,1
0.5,1.0,-3.5,6
0.5,1.0,-3.5,6
0.5,1.0,-2.0,3
0.5,1.0,-4.0,7
0.5,1.0,-3.5,6
0.5,1.0,-3.0,5
0.5,1.0,-3.0,5
0.5,1.0,-3.0,5
0.5,1.0,-4.0,7
0.5,1.0,-2.5,4
0.5,0.0,-2.5,5
0.5,1.0,-1.5,2
0.5,1.0,-1.5,2
0.5,1.0,-2.0,3
0.5,1.999955756559757e-12,-2.000000000001,4
0.5,1.0,-0.5,0
0.5,0.0,-2.0,4
0.5,1.0,-0.5,0
0.5,1.0,-2.0,3
0.5,1.0,-1.5,2
0.5,0.0,-1.5,3
0.5,1.0,-1.0,1
0.5,1.0,-0.5,0
0.5,1.0,-1.0,1
0.5,0.0,-1.5,3
0.5,0.0,-1.5,3
0.5,1.0,-1.5,2
0.5,1.0,-1.0,1
0.5,1.0,-1.0,1
0.5,1.0,-1.5,2
beta,leakage,utility,mask_size
1.0,1.0,-4.5,4
1.0,1.0,-1.5,1
1.0,1.0,-4.5,4
1.0,1.0,-4.5,4
1.0,1.0,-6.5,6
1.0,1.0,-5.5,5
1.0,1.0,-3.5,3
1.0,1.0,-6.5,6
1.0,1.0,-2.5,2
1.0,1.0,-4.5,4
1.0,1.0,-3.5,3
1.0,1.0,-3.5,3
1.0,1.0,-4.5,4
1.0,1.0,-3.5,3
1.0,1.0,-2.5,2
1.0,1.0,-2.5,2
1.0,1.0,-3.5,3
1.0,1.0,-6.5,6
1.0,1.0,-5.5,5
1.0,1.0,-5.5,5
1.0,1.0,-6.5,6
1.0,1.0,-5.5,5
1.0,1.0,-4.5,4
1.0,1.0,-5.5,5
1.0,1.0,-4.5,4
1.0,1.0,-4.5,4
1.0,1.0,-2.5,2
1.0,1.0,-6.5,6
1.0,1.0,-5.5,5
1.0,1.0,-2.5,2
1.0,1.0,-1.5,1
1.0,1.0,-0.5,0
1.0,1.0,-2.5,2
1.0,1.0,-1.5,1
1.0,1.0,-1.5,1
1.0,1.0,-1.5,1
1.0,1.0,-2.5,2
1.0,1.0,-3.5,3
1.0,1.0,-2.5,2
1.0,1.0,-2.5,2
1.0,0.0,-2.0,2
1.0,1.0,-0.5,0
1.0,0.0,-2.0,2
1.0,1.0,-2.5,2
1.0,1.0,-0.5,0
1.0,0.0,-3.0,3
1.0,1.0,-1.5,1
1.0,0.0,-4.0,4
1.0,1.0,-1.5,1
1.0,1.0,-1.5,1
beta,leakage,utility,mask_size
1.5,1.0,-3.5,2
1.5,1.0,-2.0,1
1.5,1.0,-3.5,2
1.5,1.0,-0.5,0
1.5,1.0,-6.5,4
1.5,1.0,-2.0,1
1.5,1.0,-3.5,2
1.5,1.0,-2.0,1
1.5,1.0,-0.5,0
1.5,1.0,-6.5,4
1.5,1.0,-3.5,2
1.5,1.0,-3.5,2
1.5,1.0,-2.0,1
1.5,1.0,-3.5,2
1.5,1.0,-2.0,1
1.5,1.0,-3.5,2
1.5,1.0,-2.0,1
1.5,1.0,-5.0,3
1.5,1.0,-2.0,1
1.5,1.0,-6.5,4
1.5,1.0,-3.5,2
1.5,1.0,-6.5,4
1.5,1.0,-5.0,3
1.5,1.0,-2.0,1
1.5,1.0,-2.0,1
1.5,1.0,-5.0,3
1.5,1.0,-2.0,1
1.5,1.0,-8.0,5
1.5,1.0,-2.0,1
1.5,1.0,-0.5,0
1.5,1.0,-3.5,2
1.5,1.0,-0.5,0
1.5,1.0,-0.5,0
1.5,1.0,-3.5,2
1.5,1.0,-5.0,3
1.5,1.0,-0.5,0
1.5,1.0,-5.0,3
1.5,1.0,-2.0,1
1.5,1.0,-2.0,1
1.5,1.0,-2.0,1
1.5,0.0,-4.5,3
1.5,1.0,-2.0,1
1.5,1.0,-0.5,0
1.5,1.0,-2.0,1
1.5,1.0,-2.0,1
1.5,1.0,-2.0,1
1.5,0.0,-3.0,2
1.5,1.0,-3.5,2
1.5,1.0,-2.0,1
1.5,1.0,-2.0,1
beta,leakage,utility,mask_size
2.0,1.0,-2.5,1
2.0,1.0,-2.5,1
2.0,1.0,-0.5,0
2.0,1.0,-4.5,2
2.0,1.0,-4.5,2
2.0,1.0,-8.5,4
2.0,1.0,-2.5,1
2.0,1.0,-8.5,4
2.0,1.0,-4.5,2
2.0,1.0,-0.5,0
2.0,1.0,-0.5,0
2.0,1.0,-4.5,2
2.0,1.0,-0.5,0
2.0,1.0,-0.5,0
2.0,1.0,-10.5,5
2.0,1.0,-2.5,1
2.0,1.0,-0.5,0
2.0,1.0,-2.5,1
2.0,1.0,-4.5,2
2.0,1.0,-2.5,1
2.0,1.0,-2.5,1
2.0,1.0,-2.5,1
2.0,1.0,-4.5,2
2.0,1.0,-4.5,2
2.0,1.0,-4.5,2
2.0,1.0,-6.5,3
2.0,1.0,-2.5,1
2.0,1.0,-6.5,3
2.0,1.0,-2.5,1
2.0,1.0,-2.5,1
2.0,1.0,-0.5,0
2.0,1.0,-0.5,0
2.0,1.0,-2.5,1
2.0,1.0,-0.5,0
2.0,1.0,-0.5,0
2.0,1.0,-0.5,0
2.0,1.0,-0.5,0
2.0,1.0,-2.5,1
2.0,1.0,-2.5,1
2.0,1.0,-0.5,0
2.0,1.0,-0.5,0
2.0,1.0,-4.5,2
2.0,1.0,-0.5,0
2.0,1.0,-4.5,2
2.0,1.0,-0.5,0
2.0,1.0,-0.5,0
2.0,1.0,-0.5,0
2.0,1.0,-2.5,1
2.0,1.0,-2.5,1
2.0,1.0,-2.5,1
beta,leakage,utility,mask_size
2.5,1.0,-5.5,2
2.5,1.0,-5.5,2
2.5,1.0,-0.5,0
2.5,1.0,-3.0,1
2.5,1.0,-0.5,0
2.5,1.0,-10.5,4
2.5,1.0,-0.5,0
2.5,1.0,-0.5,0
2.5,1.0,-8.0,3
2.5,1.0,-0.5,0
2.5,1.0,-5.5,2
2.5,1.0,-3.0,1
2.5,1.0,-5.5,2
2.5,1.0,-3.0,1
2.5,1.0,-5.5,2
2.5,1.0,-5.5,2
2.5,1.0,-0.5,0
2.5,1.0,-0.5,0
2.5,1.0,-3.0,1
2.5,1.0,-3.0,1
2.5,1.0,-0.5,0
2.5,1.0,-5.5,2
2.5,1.0,-0.5,0
2.5,1.0,-3.0,1
2.5,1.0,-0.5,0
2.5,1.0,-5.5,2
2.5,1.0,-3.0,1
2.5,1.0,-0.5,0
2.5,1.0,-3.0,1
2.5,1.0,-0.5,0
2.5,1.0,-3.0,1
2.5,1.0,-0.5,0
2.5,1.0,-0.5,0
2.5,1.0,-3.0,1
2.5,1.0,-0.5,0
2.5,1.0,-0.5,0
2.5,1.0,-0.5,0
2.5,1.0,-5.5,2
2.5,1.0,-0.5,0
2.5,1.0,-0.5,0
2.5,1.0,-0.5,0
2.5,1.0,-0.5,0
2.5,1.0,-0.5,0
2.5,1.0,-3.0,1
2.5,1.0,-3.0,1
2.5,1.0,-3.0,1
2.5,1.0,-0.5,0
2.5,0.0,-5.0,2
2.5,1.0,-0.5,0
2.5,1.0,-3.0,1
beta,leakage,utility,mask_size
3.0,1.0,-0.5,0
3.0,1.0,-6.5,2
3.0,1.0,-0.5,0
3.0,1.0,-0.5,0
3.0,1.0,-0.5,0
3.0,1.0,-0.5,0
3.0,1.0,-6.5,2
3.0,1.0,-0.5,0
3.0,1.0,-0.5,0
3.0,1.0,-6.5,2
3.0,1.0,-3.5,1
3.0,1.0,-0.5,0
3.0,1.0,-0.5,0
3.0,1.0,-3.5,1
3.0,1.0,-0.5,0
3.0,1.0,-0.5,0
3.0,1.0,-0.5,0
3.0,1.0,-0.5,0
3.0,1.0,-3.5,1
3.0,1.0,-3.5,1
3.0,1.0,-3.5,1
3.0,1.0,-3.5,1
3.0,1.0,-3.5,1
3.0,1.0,-0.5,0
3.0,1.0,-0.5,0
3.0,1.0,-3.5,1
3.0,1.0,-3.5,1
3.0,1.0,-3.5,1
3.0,1.0,-0.5,0
3.0,1.0,-6.5,2
3.0,1.0,-3.5,1
3.0,1.0,-6.5,2
3.0,1.0,-0.5,0
3.0,1.0,-0.5,0
3.0,1.0,-0.5,0
3.0,1.0,-0.5,0
3.0,1.0,-0.5,0
3.0,1.0,-6.5,2
3.0,1.0,-0.5,0
3.0,1.0,-0.5,0
3.0,1.0,-0.5,0
3.0,1.0,-0.5,0
3.0,1.0,-0.5,0
3.0,1.0,-0.5,0
3.0,1.0,-0.5,0
3.0,1.0,-0.5,0
3.0,1.0,-0.5,0
3.0,1.0,-3.5,1
3.0,1.0,-0.5,0
3.0,1.0,-0.5,0
beta,leakage,utility,mask_size
3.5,1.0,-0.5,0
3.5,1.0,-4.0,1
3.5,1.0,-0.5,0
3.5,1.0,-0.5,0
3.5,1.0,-0.5,0
3.5,1.0,-0.5,0
3.5,1.0,-4.0,1
3.5,1.0,-4.0,1
3.5,1.0,-4.0,1
3.5,1.0,-0.5,0
3.5,1.0,-0.5,0
3.5,1.0,-4.0,1
3.5,1.0,-0.5,0
3.5,1.0,-0.5,0
3.5,1.0,-0.5,0
3.5,1.0,-7.5,2
3.5,1.0,-4.0,1
3.5,1.0,-0.5,0
3.5,1.0,-4.0,1
3.5,1.0,-4.0,1
3.5,1.0,-4.0,1
3.5,1.0,-0.5,0
3.5,1.0,-4.0,1
3.5,1.0,-0.5,0
3.5,1.0,-0.5,0
3.5,1.0,-4.0,1
3.5,1.0,-0.5,0
3.5,1.0,-0.5,0
3.5,1.0,-0.5,0
3.5,1.0,-0.5,0
3.5,1.0,-0.5,0
3.5,1.0,-0.5,0
3.5,1.0,-0.5,0
3.5,1.0,-0.5,0
3.5,1.0,-0.5,0
3.5,1.0,-4.0,1
3.5,1.0,-0.5,0
3.5,1.0,-0.5,0
3.5,1.0,-4.0,1
3.5,1.0,-4.0,1
3.5,1.0,-0.5,0
3.5,1.0,-0.5,0
3.5,1.0,-0.5,0
3.5,1.0,-4.0,1
3.5,1.0,-0.5,0
3.5,1.0,-0.5,0
3.5,1.0,-0.5,0
3.5,1.0,-0.5,0
3.5,1.0,-0.5,0
3.5,1.0,-0.5,0
beta,leakage,utility,mask_size
4.0,1.0,-0.5,0
4.0,1.0,-0.5,0
4.0,1.0,-0.5,0
4.0,1.0,-0.5,0
4.0,1.0,-4.5,1
4.0,1.0,-4.5,1
4.0,1.0,-0.5,0
4.0,1.0,-4.5,1
4.0,1.0,-0.5,0
4.0,1.0,-0.5,0
4.0,1.0,-0.5,0
4.0,1.0,-0.5,0
4.0,1.0,-4.5,1
4.0,1.0,-4.5,1
4.0,1.0,-0.5,0
4.0,1.0,-0.5,0
4.0,1.0,-0.5,0
4.0,1.0,-0.5,0
4.0,1.0,-0.5,0
4.0,1.0,-0.5,0
4.0,1.0,-4.5,1
4.0,1.0,-0.5,0
4.0,1.0,-0.5,0
4.0,1.0,-0.5,0
4.0,1.0,-0.5,0
4.0,1.0,-0.5,0
4.0,1.0,-0.5,0
4.0,1.0,-0.5,0
4.0,1.0,-0.5,0
4.0,1.0,-4.5,1
4.0,1.0,-0.5,0
4.0,1.0,-0.5,0
4.0,1.0,-0.5,0
4.0,1.0,-0.5,0
4.0,1.0,-0.5,0
4.0,1.0,-0.5,0
4.0,1.0,-0.5,0
4.0,1.0,-0.5,0
4.0,1.0,-0.5,0
4.0,1.0,-0.5,0
4.0,1.0,-0.5,0
4.0,1.0,-0.5,0
4.0,1.0,-0.5,0
4.0,1.0,-0.5,0
4.0,1.0,-0.5,0
4.0,1.0,-0.5,0
4.0,1.0,-0.5,0
4.0,1.0,-0.5,0
4.0,1.0,-0.5,0
4.0,1.0,-0.5,0
beta,leakage,utility,mask_size
4.5,1.0,-0.5,0
4.5,1.0,-5.0,1
4.5,1.0,-0.5,0
4.5,1.0,-9.5,2
4.5,1.0,-0.5,0
4.5,1.0,-9.5,2
4.5,1.0,-0.5,0
4.5,1.0,-0.5,0
4.5,1.0,-5.0,1
4.5,1.0,-0.5,0
4.5,1.0,-0.5,0
4.5,1.0,-0.5,0
4.5,1.0,-5.0,1
4.5,1.0,-0.5,0
4.5,1.0,-0.5,0
4.5,1.0,-0.5,0
4.5,1.0,-0.5,0
4.5,1.0,-0.5,0
4.5,1.0,-0.5,0
4.5,1.0,-0.5,0
4.5,1.0,-0.5,0
4.5,1.0,-0.5,0
4.5,1.0,-5.0,1
4.5,1.0,-0.5,0
4.5,1.0,-0.5,0
4.5,1.0,-0.5,0
4.5,1.0,-0.5,0
4.5,1.0,-0.5,0
4.5,1.0,-0.5,0
4.5,1.0,-0.5,0
4.5,1.0,-0.5,0
4.5,1.0,-5.0,1
4.5,1.0,-0.5,0
4.5,1.0,-0.5,0
4.5,1.0,-0.5,0
4.5,1.0,-0.5,0
4.5,1.0,-0.5,0
4.5,1.0,-0.5,0
4.5,1.0,-0.5,0
4.5,1.0,-0.5,0
4.5,1.0,-0.5,0
4.5,1.0,-0.5,0
4.5,1.0,-5.0,1
4.5,1.0,-5.0,1
4.5,1.0,-0.5,0
4.5,1.0,-0.5,0
4.5,1.0,-0.5,0
4.5,1.0,-0.5,0
4.5,1.0,-0.5,0
4.5,1.0,-0.5,0
beta,leakage,utility,mask_size
5.0,1.0,-0.5,0
5.0,1.0,-0.5,0
5.0,1.0,-0.5,0
5.0,1.0,-0.5,0
5.0,1.0,-0.5,0
5.0,1.0,-0.5,0
5.0,1.0,-0.5,0
5.0,1.0,-0.5,0
5.0,1.0,-0.5,0
5.0,1.0,-0.5,0
5.0,1.0,-0.5,0
5.0,1.0,-0.5,0
5.0,1.0,-0.5,0
5.0,1.0,-0.5,0
5.0,1.0,-0.5,0
5.0,1.0,-0.5,0
5.0,1.0,-0.5,0
5.0,1.0,-0.5,0
5.0,1.0,-0.5,0
5.0,1.0,-0.5,0
5.0,1.0,-0.5,0
5.0,1.0,-0.5,0
5.0,1.0,-5.5,1
5.0,1.0,-0.5,0
5.0,1.0,-0.5,0
5.0,1.0,-0.5,0
5.0,1.0,-0.5,0
5.0,1.0,-0.5,0
5.0,1.0,-5.5,1
5.0,1.0,-0.5,0
5.0,1.0,-0.5,0
5.0,1.0,-0.5,0
5.0,1.0,-0.5,0
5.0,1.0,-0.5,0
5.0,1.0,-0.5,0
5.0,1.0,-0.5,0
5.0,1.0,-0.5,0
5.0,1.0,-0.5,0
5.0,1.0,-0.5,0
5.0,1.0,-0.5,0
5.0,1.0,-0.5,0
5.0,1.0,-0.5,0
5.0,1.0,-0.5,0
5.0,1.0,-0.5,0
5.0,1.0,-0.5,0
5.0,1.0,-0.5,0
5.0,1.0,-0.5,0
5.0,1.0,-0.5,0
5.0,1.0,-0.5,0
5.0,1.0,-0.5,0
beta,leakage,utility,mask_size
5.5,1.0,-0.5,0
5.5,1.0,-0.5,0
5.5,1.0,-6.0,1
5.5,1.0,-0.5,0
5.5,1.0,-0.5,0
5.5,1.0,-0.5,0
5.5,1.0,-0.5,0
5.5,1.0,-0.5,0
5.5,1.0,-0.5,0
5.5,1.0,-0.5,0
5.5,1.0,-0.5,0
5.5,1.0,-0.5,0
5.5,1.0,-0.5,0
5.5,1.0,-0.5,0
5.5,1.0,-6.0,1
5.5,1.0,-0.5,0
5.5,1.0,-0.5,0
5.5,1.0,-0.5,0
5.5,1.0,-6.0,1
5.5,1.0,-0.5,0
5.5,1.0,-0.5,0
5.5,1.0,-0.5,0
5.5,1.0,-0.5,0
5.5,1.0,-0.5,0
5.5,1.0,-0.5,0
5.5,1.0,-0.5,0
5.5,1.0,-0.5,0
5.5,1.0,-0.5,0
5.5,1.0,-0.5,0
5.5,1.0,-0.5,0
5.5,1.0,-0.5,0
5.5,1.0,-0.5,0
5.5,1.0,-0.5,0
5.5,1.0,-0.5,0
5.5,1.0,-0.5,0
5.5,1.0,-0.5,0
5.5,1.0,-11.5,2
5.5,1.0,-0.5,0
5.5,1.0,-0.5,0
5.5,1.0,-0.5,0
5.5,1.0,-0.5,0
5.5,1.0,-0.5,0
5.5,1.0,-0.5,0
5.5,1.0,-0.5,0
5.5,1.0,-0.5,0
5.5,1.0,-0.5,0
5.5,1.0,-0.5,0
5.5,1.0,-0.5,0
5.5,1.0,-0.5,0
5.5,1.0,-0.5,0
beta,leakage,utility,mask_size
6.0,1.0,-0.5,0
6.0,1.0,-0.5,0
6.0,1.0,-0.5,0
6.0,1.0,-0.5,0
6.0,1.0,-0.5,0
6.0,1.0,-0.5,0
6.0,1.0,-0.5,0
6.0,1.0,-0.5,0
6.0,1.0,-0.5,0
6.0,1.0,-0.5,0
6.0,1.0,-0.5,0
6.0,1.0,-0.5,0
6.0,1.0,-0.5,0
6.0,1.0,-0.5,0
6.0,1.0,-0.5,0
6.0,1.0,-0.5,0
6.0,1.0,-0.5,0
6.0,1.0,-0.5,0
6.0,1.0,-0.5,0
6.0,1.0,-0.5,0
6.0,1.0,-0.5,0
6.0,1.0,-6.5,1
6.0,1.0,-0.5,0
6.0,1.0,-0.5,0
6.0,1.0,-0.5,0
6.0,1.0,-0.5,0
6.0,1.0,-0.5,0
6.0,1.0,-0.5,0
6.0,1.0,-0.5,0
6.0,1.0,-0.5,0
6.0,1.0,-0.5,0
6.0,1.0,-0.5,0
6.0,1.0,-0.5,0
6.0,1.0,-0.5,0
6.0,1.0,-0.5,0
6.0,1.0,-0.5,0
6.0,1.0,-0.5,0
6.0,1.0,-0.5,0
6.0,1.0,-0.5,0
6.0,1.0,-0.5,0
6.0,1.0,-0.5,0
6.0,1.0,-0.5,0
6.0,1.0,-0.5,0
6.0,1.0,-0.5,0
6.0,1.0,-0.5,0
6.0,1.0,-0.5,0
6.0,1.0,-0.5,0
6.0,1.0,-0.5,0
6.0,1.0,-0.5,0
6.0,1.0,-0.5,0
beta,leakage,utility,mask_size
6.5,1.0,-0.5,0
6.5,1.0,-0.5,0
6.5,1.0,-0.5,0
6.5,1.0,-0.5,0
6.5,1.0,-0.5,0
6.5,1.0,-0.5,0
6.5,1.0,-0.5,0
6.5,1.0,-0.5,0
6.5,1.0,-0.5,0
6.5,1.0,-0.5,0
6.5,1.0,-0.5,0
6.5,1.0,-0.5,0
6.5,1.0,-0.5,0
6.5,1.0,-0.5,0
6.5,1.0,-0.5,0
6.5,1.0,-0.5,0
6.5,1.0,-0.5,0
6.5,1.0,-0.5,0
6.5,1.0,-0.5,0
6.5,1.0,-0.5,0
6.5,1.0,-0.5,0
6.5,1.0,-0.5,0
6.5,1.0,-0.5,0
6.5,1.0,-0.5,0
6.5,1.0,-0.5,0
6.5,1.0,-0.5,0
6.5,1.0,-0.5,0
6.5,1.0,-0.5,0
6.5,1.0,-0.5,0
6.5,1.0,-0.5,0
6.5,1.0,-0.5,0
6.5,1.0,-0.5,0
6.5,1.0,-0.5,0
6.5,1.0,-0.5,0
6.5,1.0,-0.5,0
6.5,1.0,-0.5,0
6.5,1.0,-0.5,0
6.5,1.0,-0.5,0
6.5,1.0,-0.5,0
6.5,1.0,-0.5,0
6.5,1.0,-0.5,0
6.5,1.0,-0.5,0
6.5,1.0,-0.5,0
6.5,1.0,-0.5,0
6.5,1.0,-0.5,0
6.5,1.0,-0.5,0
6.5,1.0,-0.5,0
6.5,1.0,-0.5,0
6.5,1.0,-0.5,0
6.5,1.0,-0.5,0
beta,leakage,utility,mask_size
7.0,1.0,-0.5,0
7.0,1.0,-0.5,0
7.0,1.0,-0.5,0
7.0,1.0,-0.5,0
7.0,1.0,-0.5,0
7.0,1.0,-0.5,0
7.0,1.0,-0.5,0
7.0,1.0,-0.5,0
7.0,1.0,-0.5,0
7.0,1.0,-0.5,0
7.0,1.0,-0.5,0
7.0,1.0,-0.5,0
7.0,1.0,-0.5,0
7.0,1.0,-0.5,0
7.0,1.0,-0.5,0
7.0,1.0,-0.5,0
7.0,1.0,-0.5,0
7.0,1.0,-0.5,0
7.0,1.0,-0.5,0
7.0,1.0,-0.5,0
7.0,1.0,-0.5,0
7.0,1.0,-0.5,0
7.0,1.0,-0.5,0
7.0,1.0,-0.5,0
7.0,1.0,-0.5,0
7.0,1.0,-0.5,0
7.0,1.0,-0.5,0
7.0,1.0,-0.5,0
7.0,1.0,-0.5,0
7.0,1.0,-0.5,0
7.0,1.0,-0.5,0
7.0,1.0,-0.5,0
7.0,1.0,-0.5,0
7.0,1.0,-0.5,0
7.0,1.0,-0.5,0
7.0,1.0,-0.5,0
7.0,1.0,-0.5,0
7.0,1.0,-0.5,0
7.0,1.0,-0.5,0
7.0,1.0,-0.5,0
7.0,1.0,-0.5,0
7.0,1.0,-0.5,0
7.0,1.0,-0.5,0
7.0,1.0,-0.5,0
7.0,1.0,-0.5,0
7.0,1.0,-0.5,0
7.0,1.0,-0.5,0
7.0,1.0,-0.5,0
7.0,1.0,-0.5,0
7.0,1.0,-0.5,0
beta,leakage,utility,mask_size
7.5,1.0,-0.5,0
7.5,1.0,-0.5,0
7.5,1.0,-0.5,0
7.5,1.0,-0.5,0
7.5,1.0,-0.5,0
7.5,1.0,-0.5,0
7.5,1.0,-0.5,0
7.5,1.0,-0.5,0
7.5,1.0,-0.5,0
7.5,1.0,-0.5,0
7.5,1.0,-0.5,0
7.5,1.0,-0.5,0
7.5,1.0,-0.5,0
7.5,1.0,-0.5,0
7.5,1.0,-0.5,0
7.5,1.0,-0.5,0
7.5,1.0,-0.5,0
7.5,1.0,-0.5,0
7.5,1.0,-0.5,0
7.5,1.0,-0.5,0
7.5,1.0,-0.5,0
7.5,1.0,-0.5,0
7.5,1.0,-0.5,0
7.5,1.0,-0.5,0
7.5,1.0,-0.5,0
7.5,1.0,-0.5,0
7.5,1.0,-0.5,0
7.5,1.0,-0.5,0
7.5,1.0,-0.5,0
7.5,1.0,-0.5,0
7.5,1.0,-0.5,0
7.5,1.0,-0.5,0
7.5,1.0,-0.5,0
7.5,1.0,-0.5,0
7.5,1.0,-0.5,0
7.5,1.0,-0.5,0
7.5,1.0,-0.5,0
7.5,1.0,-0.5,0
7.5,1.0,-0.5,0
7.5,1.0,-0.5,0
7.5,1.0,-0.5,0
7.5,1.0,-0.5,0
7.5,1.0,-0.5,0
7.5,1.0,-0.5,0
7.5,1.0,-0.5,0
7.5,1.0,-0.5,0
7.5,1.0,-0.5,0
7.5,1.0,-0.5,0
7.5,1.0,-0.5,0
7.5,1.0,-0.5,0
beta,leakage,utility,mask_size
8.0,1.0,-0.5,0
8.0,1.0,-0.5,0
8.0,1.0,-0.5,0
8.0,1.0,-0.5,0
8.0,1.0,-0.5,0
8.0,1.0,-0.5,0
8.0,1.0,-0.5,0
8.0,1.0,-0.5,0
8.0,1.0,-0.5,0
8.0,1.0,-0.5,0
8.0,1.0,-0.5,0
8.0,1.0,-0.5,0
8.0,1.0,-0.5,0
8.0,1.0,-0.5,0
8.0,1.0,-0.5,0
8.0,1.0,-0.5,0
8.0,1.0,-0.5,0
8.0,1.0,-0.5,0
8.0,1.0,-0.5,0
8.0,1.0,-0.5,0
8.0,1.0,-0.5,0
8.0,1.0,-0.5,0
8.0,1.0,-0.5,0
8.0,1.0,-0.5,0
8.0,1.0,-0.5,0
8.0,1.0,-0.5,0
8.0,1.0,-0.5,0
8.0,1.0,-0.5,0
8.0,1.0,-0.5,0
8.0,1.0,-0.5,0
8.0,1.0,-0.5,0
8.0,1.0,-0.5,0
8.0,1.0,-0.5,0
8.0,1.0,-0.5,0
8.0,1.0,-0.5,0
8.0,1.0,-0.5,0
8.0,1.0,-0.5,0
8.0,1.0,-0.5,0
8.0,1.0,-0.5,0
8.0,1.0,-0.5,0
8.0,1.0,-0.5,0
8.0,1.0,-0.5,0
8.0,1.0,-0.5,0
8.0,1.0,-0.5,0
8.0,1.0,-0.5,0
8.0,1.0,-0.5,0
8.0,1.0,-0.5,0
8.0,1.0,-0.5,0
8.0,1.0,-0.5,0
8.0,1.0,-0.5,0
beta,leakage,utility,mask_size
8.5,1.0,-0.5,0
8.5,1.0,-0.5,0
8.5,1.0,-0.5,0
8.5,1.0,-0.5,0
8.5,1.0,-0.5,0
8.5,1.0,-0.5,0
8.5,1.0,-0.5,0
8.5,1.0,-0.5,0
8.5,1.0,-0.5,0
8.5,1.0,-0.5,0
8.5,1.0,-0.5,0
8.5,1.0,-0.5,0
8.5,1.0,-0.5,0
8.5,1.0,-0.5,0
8.5,1.0,-0.5,0
8.5,1.0,-0.5,0
8.5,1.0,-0.5,0
8.5,1.0,-0.5,0
8.5,1.0,-0.5,0
8.5,1.0,-0.5,0
8.5,1.0,-0.5,0
8.5,1.0,-0.5,0
8.5,1.0,-0.5,0
8.5,1.0,-0.5,0
8.5,1.0,-0.5,0
8.5,1.0,-0.5,0
8.5,1.0,-0.5,0
8.5,1.0,-0.5,0
8.5,1.0,-0.5,0
8.5,1.0,-0.5,0
8.5,1.0,-0.5,0
8.5,1.0,-0.5,0
8.5,1.0,-0.5,0
8.5,1.0,-0.5,0
8.5,1.0,-0.5,0
8.5,1.0,-0.5,0
8.5,1.0,-0.5,0
8.5,1.0,-0.5,0
8.5,1.0,-0.5,0
8.5,1.0,-0.5,0
8.5,1.0,-0.5,0
8.5,1.0,-0.5,0
8.5,1.0,-0.5,0
8.5,1.0,-0.5,0
8.5,1.0,-0.5,0
8.5,1.0,-0.5,0
8.5,1.0,-0.5,0
8.5,1.0,-0.5,0
8.5,1.0,-0.5,0
8.5,1.0,-0.5,0
beta,leakage,utility,mask_size
9.0,1.0,-0.5,0
9.0,1.0,-0.5,0
9.0,1.0,-0.5,0
9.0,1.0,-0.5,0
9.0,1.0,-0.5,0
9.0,1.0,-0.5,0
9.0,1.0,-0.5,0
9.0,1.0,-0.5,0
9.0,1.0,-0.5,0
9.0,1.0,-0.5,0
9.0,1.0,-0.5,0
9.0,1.0,-0.5,0
9.0,1.0,-0.5,0
9.0,1.0,-0.5,0
9.0,1.0,-0.5,0
9.0,1.0,-0.5,0
9.0,1.0,-0.5,0
9.0,1.0,-0.5,0
9.0,1.0,-0.5,0
9.0,1.0,-0.5,0
9.0,1.0,-0.5,0
9.0,1.0,-0.5,0
9.0,1.0,-0.5,0
9.0,1.0,-0.5,0
9.0,1.0,-0.5,0
9.0,1.0,-0.5,0
9.0,1.0,-0.5,0
9.0,1.0,-0.5,0
9.0,1.0,-0.5,0
9.0,1.0,-0.5,0
9.0,1.0,-0.5,0
9.0,1.0,-0.5,0
9.0,1.0,-0.5,0
9.0,1.0,-0.5,0
9.0,1.0,-0.5,0
9.0,1.0,-0.5,0
9.0,1.0,-0.5,0
9.0,1.0,-0.5,0
9.0,1.0,-0.5,0
9.0,1.0,-0.5,0
9.0,1.0,-0.5,0
9.0,1.0,-0.5,0
9.0,1.0,-0.5,0
9.0,1.0,-0.5,0
9.0,1.0,-0.5,0
9.0,1.0,-0.5,0
9.0,1.0,-0.5,0
9.0,1.0,-0.5,0
9.0,1.0,-0.5,0
9.0,1.0,-0.5,0
beta,leakage,utility,mask_size
9.5,1.0,-0.5,0
9.5,1.0,-0.5,0
9.5,1.0,-0.5,0
9.5,1.0,-0.5,0
9.5,1.0,-0.5,0
9.5,1.0,-0.5,0
9.5,1.0,-0.5,0
9.5,1.0,-0.5,0
9.5,1.0,-0.5,0
9.5,1.0,-0.5,0
9.5,1.0,-0.5,0
9.5,1.0,-0.5,0
9.5,1.0,-0.5,0
9.5,1.0,-0.5,0
9.5,1.0,-0.5,0
9.5,1.0,-0.5,0
9.5,1.0,-0.5,0
9.5,1.0,-0.5,0
9.5,1.0,-0.5,0
9.5,1.0,-0.5,0
9.5,1.0,-0.5,0
9.5,1.0,-0.5,0
9.5,1.0,-0.5,0
9.5,1.0,-0.5,0
9.5,1.0,-0.5,0
9.5,1.0,-0.5,0
9.5,1.0,-0.5,0
9.5,1.0,-0.5,0
9.5,1.0,-0.5,0
9.5,1.0,-0.5,0
9.5,1.0,-0.5,0
9.5,1.0,-0.5,0
9.5,1.0,-0.5,0
9.5,1.0,-0.5,0
9.5,1.0,-0.5,0
9.5,1.0,-0.5,0
9.5,1.0,-0.5,0
9.5,1.0,-0.5,0
9.5,1.0,-0.5,0
9.5,1.0,-0.5,0
9.5,1.0,-0.5,0
9.5,1.0,-0.5,0
9.5,1.0,-0.5,0
9.5,1.0,-0.5,0
9.5,1.0,-0.5,0
9.5,1.0,-0.5,0
9.5,1.0,-0.5,0
9.5,1.0,-0.5,0
9.5,1.0,-0.5,0
9.5,1.0,-0.5,0
beta,leakage,utility,mask_size
10.0,1.0,-0.5,0
10.0,1.0,-0.5,0
10.0,1.0,-0.5,0
10.0,1.0,-0.5,0
10.0,1.0,-0.5,0
10.0,1.0,-0.5,0
10.0,1.0,-0.5,0
10.0,1.0,-0.5,0
10.0,1.0,-0.5,0
10.0,1.0,-0.5,0
10.0,1.0,-0.5,0
10.0,1.0,-0.5,0
10.0,1.0,-0.5,0
10.0,1.0,-0.5,0
10.0,1.0,-0.5,0
10.0,1.0,-0.5,0
10.0,1.0,-0.5,0
10.0,1.0,-0.5,0
10.0,1.0,-0.5,0
10.0,1.0,-0.5,0
10.0,1.0,-0.5,0
10.0,1.0,-0.5,0
10.0,1.0,-0.5,0
10.0,1.0,-0.5,0
10.0,1.0,-0.5,0
10.0,1.0,-0.5,0
10.0,1.0,-0.5,0
10.0,1.0,-0.5,0
10.0,1.0,-0.5,0
10.0,1.0,-0.5,0
10.0,1.0,-0.5,0
10.0,1.0,-0.5,0
10.0,1.0,-0.5,0
10.0,1.0,-0.5,0
10.0,1.0,-0.5,0
10.0,1.0,-0.5,0
10.0,1.0,-0.5,0
10.0,1.0,-0.5,0
10.0,1.0,-0.5,0
10.0,1.0,-0.5,0
10.0,1.0,-0.5,0
10.0,1.0,-0.5,0
10.0,1.0,-0.5,0
10.0,1.0,-0.5,0
10.0,1.0,-0.5,0
10.0,1.0,-0.5,0
10.0,1.0,-0.5,0
10.0,1.0,-0.5,0
10.0,1.0,-0.5,0
10.0,1.0,-0.5,0
beta,leakage,utility,mask_size
10.5,1.0,-0.5,0
10.5,1.0,-0.5,0
10.5,1.0,-0.5,0
10.5,1.0,-0.5,0
10.5,1.0,-0.5,0
10.5,1.0,-0.5,0
10.5,1.0,-0.5,0
10.5,1.0,-0.5,0
10.5,1.0,-0.5,0
10.5,1.0,-0.5,0
10.5,1.0,-0.5,0
10.5,1.0,-0.5,0
10.5,1.0,-0.5,0
10.5,1.0,-0.5,0
10.5,1.0,-0.5,0
10.5,1.0,-0.5,0
10.5,1.0,-0.5,0
10.5,1.0,-0.5,0
10.5,1.0,-0.5,0
10.5,1.0,-0.5,0
10.5,1.0,-0.5,0
10.5,1.0,-0.5,0
10.5,1.0,-0.5,0
10.5,1.0,-0.5,0
10.5,1.0,-0.5,0
10.5,1.0,-0.5,0
10.5,1.0,-0.5,0
10.5,1.0,-0.5,0
10.5,1.0,-0.5,0
10.5,1.0,-0.5,0
10.5,1.0,-0.5,0
10.5,1.0,-0.5,0
10.5,1.0,-0.5,0
10.5,1.0,-0.5,0
10.5,1.0,-0.5,0
10.5,1.0,-0.5,0
10.5,1.0,-0.5,0
10.5,1.0,-0.5,0
10.5,1.0,-0.5,0
10.5,1.0,-0.5,0
10.5,1.0,-0.5,0
10.5,1.0,-0.5,0
10.5,1.0,-0.5,0
10.5,1.0,-0.5,0
10.5,1.0,-0.5,0
10.5,1.0,-0.5,0
10.5,1.0,-0.5,0
10.5,1.0,-0.5,0
10.5,1.0,-0.5,0
10.5,1.0,-0.5,0
beta,leakage,utility,mask_size
11.0,1.0,-0.5,0
11.0,1.0,-0.5,0
11.0,1.0,-0.5,0
11.0,1.0,-0.5,0
11.0,1.0,-0.5,0
11.0,1.0,-0.5,0
11.0,1.0,-0.5,0
11.0,1.0,-0.5,0
11.0,1.0,-0.5,0
11.0,1.0,-0.5,0
11.0,1.0,-0.5,0
11.0,1.0,-0.5,0
11.0,1.0,-0.5,0
11.0,1.0,-0.5,0
11.0,1.0,-0.5,0
11.0,1.0,-0.5,0
11.0,1.0,-0.5,0
11.0,1.0,-0.5,0
11.0,1.0,-0.5,0
11.0,1.0,-0.5,0
11.0,1.0,-0.5,0
11.0,1.0,-0.5,0
11.0,1.0,-0.5,0
11.0,1.0,-0.5,0
11.0,1.0,-0.5,0
11.0,1.0,-0.5,0
11.0,1.0,-0.5,0
11.0,1.0,-0.5,0
11.0,1.0,-0.5,0
11.0,1.0,-0.5,0
11.0,1.0,-0.5,0
11.0,1.0,-0.5,0
11.0,1.0,-0.5,0
11.0,1.0,-0.5,0
11.0,1.0,-0.5,0
11.0,1.0,-0.5,0
11.0,1.0,-0.5,0
11.0,1.0,-0.5,0
11.0,1.0,-0.5,0
11.0,1.0,-0.5,0
11.0,1.0,-0.5,0
11.0,1.0,-0.5,0
11.0,1.0,-0.5,0
11.0,1.0,-0.5,0
11.0,1.0,-0.5,0
11.0,1.0,-11.5,1
11.0,1.0,-0.5,0
11.0,1.0,-0.5,0
11.0,1.0,-0.5,0
11.0,1.0,-0.5,0
beta,leakage,utility,mask_size
11.5,1.0,-0.5,0
11.5,1.0,-0.5,0
11.5,1.0,-0.5,0
11.5,1.0,-0.5,0
11.5,1.0,-0.5,0
11.5,1.0,-0.5,0
11.5,1.0,-0.5,0
11.5,1.0,-0.5,0
11.5,1.0,-0.5,0
11.5,1.0,-0.5,0
11.5,1.0,-0.5,0
11.5,1.0,-0.5,0
11.5,1.0,-0.5,0
11.5,1.0,-0.5,0
11.5,1.0,-0.5,0
11.5,1.0,-0.5,0
11.5,1.0,-0.5,0
11.5,1.0,-0.5,0
11.5,1.0,-0.5,0
11.5,1.0,-0.5,0
11.5,1.0,-0.5,0
11.5,1.0,-0.5,0
11.5,1.0,-0.5,0
11.5,1.0,-0.5,0
11.5,1.0,-0.5,0
11.5,1.0,-0.5,0
11.5,1.0,-0.5,0
11.5,1.0,-0.5,0
11.5,1.0,-0.5,0
11.5,1.0,-0.5,0
11.5,1.0,-0.5,0
11.5,1.0,-0.5,0
11.5,1.0,-0.5,0
11.5,1.0,-0.5,0
11.5,1.0,-0.5,0
11.5,1.0,-0.5,0
11.5,1.0,-0.5,0
11.5,1.0,-0.5,0
11.5,1.0,-0.5,0
11.5,1.0,-0.5,0
11.5,1.0,-0.5,0
11.5,1.0,-0.5,0
11.5,1.0,-0.5,0
11.5,1.0,-0.5,0
11.5,1.0,-0.5,0
11.5,1.0,-0.5,0
11.5,1.0,-0.5,0
11.5,1.0,-0.5,0
11.5,1.0,-0.5,0
11.5,1.0,-0.5,0
beta,leakage,utility,mask_size
12.0,1.0,-0.5,0
12.0,1.0,-0.5,0
12.0,1.0,-0.5,0
12.0,1.0,-0.5,0
12.0,1.0,-0.5,0
12.0,1.0,-0.5,0
12.0,1.0,-0.5,0
12.0,1.0,-0.5,0
12.0,1.0,-0.5,0
12.0,1.0,-0.5,0
12.0,1.0,-0.5,0
12.0,1.0,-0.5,0
12.0,1.0,-0.5,0
12.0,1.0,-0.5,0
12.0,1.0,-0.5,0
12.0,1.0,-0.5,0
12.0,1.0,-0.5,0
12.0,1.0,-0.5,0
12.0,1.0,-0.5,0
12.0,1.0,-0.5,0
12.0,1.0,-0.5,0
12.0,1.0,-0.5,0
12.0,1.0,-0.5,0
12.0,1.0,-0.5,0
12.0,1.0,-0.5,0
12.0,1.0,-0.5,0
12.0,1.0,-0.5,0
12.0,1.0,-0.5,0
12.0,1.0,-0.5,0
12.0,1.0,-0.5,0
12.0,1.0,-0.5,0
12.0,1.0,-0.5,0
12.0,1.0,-0.5,0
12.0,1.0,-0.5,0
12.0,1.0,-0.5,0
12.0,1.0,-0.5,0
12.0,1.0,-0.5,0
12.0,1.0,-0.5,0
12.0,1.0,-0.5,0
12.0,1.0,-0.5,0
12.0,1.0,-0.5,0
12.0,1.0,-0.5,0
12.0,1.0,-0.5,0
12.0,1.0,-0.5,0
12.0,1.0,-0.5,0
12.0,1.0,-0.5,0
12.0,1.0,-0.5,0
12.0,1.0,-0.5,0
12.0,1.0,-0.5,0
12.0,1.0,-0.5,0
beta,leakage,utility,mask_size
12.5,1.0,-0.5,0
12.5,1.0,-0.5,0
12.5,1.0,-0.5,0
12.5,1.0,-0.5,0
12.5,1.0,-0.5,0
12.5,1.0,-0.5,0
12.5,1.0,-0.5,0
12.5,1.0,-0.5,0
12.5,1.0,-0.5,0
12.5,1.0,-0.5,0
12.5,1.0,-0.5,0
12.5,1.0,-0.5,0
12.5,1.0,-0.5,0
12.5,1.0,-0.5,0
12.5,1.0,-0.5,0
12.5,1.0,-0.5,0
12.5,1.0,-0.5,0
12.5,1.0,-0.5,0
12.5,1.0,-0.5,0
12.5,1.0,-0.5,0
12.5,1.0,-0.5,0
12.5,1.0,-0.5,0
12.5,1.0,-0.5,0
12.5,1.0,-0.5,0
12.5,1.0,-0.5,0
12.5,1.0,-0.5,0
12.5,1.0,-0.5,0
12.5,1.0,-0.5,0
12.5,1.0,-0.5,0
12.5,1.0,-0.5,0
12.5,1.0,-0.5,0
12.5,1.0,-0.5,0
12.5,1.0,-0.5,0
12.5,1.0,-0.5,0
12.5,1.0,-0.5,0
12.5,1.0,-0.5,0
12.5,1.0,-0.5,0
12.5,1.0,-0.5,0
12.5,1.0,-0.5,0
12.5,1.0,-0.5,0
12.5,1.0,-0.5,0
12.5,1.0,-0.5,0
12.5,1.0,-0.5,0
12.5,1.0,-0.5,0
12.5,1.0,-0.5,0
12.5,1.0,-0.5,0
12.5,1.0,-0.5,0
12.5,1.0,-0.5,0
12.5,1.0,-0.5,0
12.5,1.0,-0.5,0
beta,leakage,utility,mask_size
13.0,1.0,-0.5,0
13.0,1.0,-0.5,0
13.0,1.0,-0.5,0
13.0,1.0,-0.5,0
13.0,1.0,-0.5,0
13.0,1.0,-0.5,0
13.0,1.0,-0.5,0
13.0,1.0,-0.5,0
13.0,1.0,-0.5,0
13.0,1.0,-0.5,0
13.0,1.0,-0.5,0
13.0,1.0,-0.5,0
13.0,1.0,-0.5,0
13.0,1.0,-0.5,0
13.0,1.0,-0.5,0
13.0,1.0,-0.5,0
13.0,1.0,-0.5,0
13.0,1.0,-0.5,0
13.0,1.0,-0.5,0
13.0,1.0,-0.5,0
13.0,1.0,-0.5,0
13.0,1.0,-0.5,0
13.0,1.0,-0.5,0
13.0,1.0,-0.5,0
13.0,1.0,-0.5,0
13.0,1.0,-0.5,0
13.0,1.0,-0.5,0
13.0,1.0,-0.5,0
13.0,1.0,-0.5,0
13.0,1.0,-0.5,0
13.0,1.0,-0.5,0
13.0,1.0,-0.5,0
13.0,1.0,-0.5,0
13.0,1.0,-0.5,0
13.0,1.0,-0.5,0
13.0,1.0,-0.5,0
13.0,1.0,-0.5,0
13.0,1.0,-0.5,0
13.0,1.0,-0.5,0
13.0,1.0,-0.5,0
13.0,1.0,-0.5,0
13.0,1.0,-0.5,0
13.0,1.0,-0.5,0
13.0,1.0,-0.5,0
13.0,1.0,-0.5,0
13.0,1.0,-0.5,0
13.0,1.0,-0.5,0
13.0,1.0,-0.5,0
13.0,1.0,-0.5,0
13.0,1.0,-0.5,0
beta,leakage,utility,mask_size
13.5,1.0,-0.5,0
13.5,1.0,-0.5,0
13.5,1.0,-0.5,0
13.5,1.0,-0.5,0
13.5,1.0,-0.5,0
13.5,1.0,-0.5,0
13.5,1.0,-0.5,0
13.5,1.0,-0.5,0
13.5,1.0,-0.5,0
13.5,1.0,-0.5,0
13.5,1.0,-0.5,0
13.5,1.0,-0.5,0
13.5,1.0,-0.5,0
13.5,1.0,-0.5,0
13.5,1.0,-0.5,0
13.5,1.0,-0.5,0
13.5,1.0,-0.5,0
13.5,1.0,-0.5,0
13.5,1.0,-0.5,0
13.5,1.0,-0.5,0
13.5,1.0,-0.5,0
13.5,1.0,-0.5,0
13.5,1.0,-0.5,0
13.5,1.0,-0.5,0
13.5,1.0,-0.5,0
13.5,1.0,-0.5,0
13.5,1.0,-0.5,0
13.5,1.0,-0.5,0
13.5,1.0,-0.5,0
13.5,1.0,-0.5,0
13.5,1.0,-0.5,0
13.5,1.0,-0.5,0
13.5,1.0,-0.5,0
13.5,1.0,-0.5,0
13.5,1.0,-0.5,0
13.5,1.0,-0.5,0
13.5,1.0,-0.5,0
13.5,1.0,-0.5,0
13.5,1.0,-0.5,0
13.5,1.0,-0.5,0
13.5,1.0,-0.5,0
13.5,1.0,-0.5,0
13.5,1.0,-0.5,0
13.5,1.0,-0.5,0
13.5,1.0,-0.5,0
13.5,1.0,-0.5,0
13.5,1.0,-0.5,0
13.5,1.0,-0.5,0
13.5,1.0,-0.5,0
13.5,1.0,-0.5,0
beta,leakage,utility,mask_size
14.0,1.0,-0.5,0
14.0,1.0,-0.5,0
14.0,1.0,-0.5,0
14.0,1.0,-0.5,0
14.0,1.0,-0.5,0
14.0,1.0,-0.5,0
14.0,1.0,-0.5,0
14.0,1.0,-0.5,0
14.0,1.0,-0.5,0
14.0,1.0,-0.5,0
14.0,1.0,-0.5,0
14.0,1.0,-0.5,0
14.0,1.0,-0.5,0
14.0,1.0,-0.5,0
14.0,1.0,-0.5,0
14.0,1.0,-0.5,0
14.0,1.0,-0.5,0
14.0,1.0,-0.5,0
14.0,1.0,-0.5,0
14.0,1.0,-0.5,0
14.0,1.0,-0.5,0
14.0,1.0,-0.5,0
14.0,1.0,-0.5,0
14.0,1.0,-0.5,0
14.0,1.0,-0.5,0
14.0,1.0,-0.5,0
14.0,1.0,-0.5,0
14.0,1.0,-0.5,0
14.0,1.0,-0.5,0
14.0,1.0,-0.5,0
14.0,1.0,-0.5,0
14.0,1.0,-0.5,0
14.0,1.0,-0.5,0
14.0,1.0,-0.5,0
14.0,1.0,-0.5,0
14.0,1.0,-0.5,0
14.0,1.0,-0.5,0
14.0,1.0,-0.5,0
14.0,1.0,-0.5,0
14.0,1.0,-0.5,0
14.0,1.0,-0.5,0
14.0,1.0,-0.5,0
14.0,1.0,-0.5,0
14.0,1.0,-0.5,0
14.0,1.0,-0.5,0
14.0,1.0,-0.5,0
14.0,1.0,-0.5,0
14.0,1.0,-0.5,0
14.0,1.0,-0.5,0
14.0,1.0,-0.5,0
beta,leakage,utility,mask_size
14.5,1.0,-0.5,0
14.5,1.0,-0.5,0
14.5,1.0,-0.5,0
14.5,1.0,-0.5,0
14.5,1.0,-0.5,0
14.5,1.0,-0.5,0
14.5,1.0,-0.5,0
14.5,1.0,-0.5,0
14.5,1.0,-0.5,0
14.5,1.0,-0.5,0
14.5,1.0,-0.5,0
14.5,1.0,-0.5,0
14.5,1.0,-0.5,0
14.5,1.0,-0.5,0
14.5,1.0,-0.5,0
14.5,1.0,-0.5,0
14.5,1.0,-0.5,0
14.5,1.0,-0.5,0
14.5,1.0,-0.5,0
14.5,1.0,-0.5,0
14.5,1.0,-0.5,0
14.5,1.0,-0.5,0
14.5,1.0,-0.5,0
14.5,1.0,-0.5,0
14.5,1.0,-0.5,0
14.5,1.0,-0.5,0
14.5,1.0,-0.5,0
14.5,1.0,-0.5,0
14.5,1.0,-0.5,0
14.5,1.0,-0.5,0
14.5,1.0,-0.5,0
14.5,1.0,-0.5,0
14.5,1.0,-0.5,0
14.5,1.0,-0.5,0
14.5,1.0,-0.5,0
14.5,1.0,-0.5,0
14.5,1.0,-0.5,0
14.5,1.0,-0.5,0
14.5,1.0,-0.5,0
14.5,1.0,-0.5,0
14.5,1.0,-0.5,0
14.5,1.0,-0.5,0
14.5,1.0,-0.5,0
14.5,1.0,-0.5,0
14.5,1.0,-0.5,0
14.5,1.0,-0.5,0
14.5,1.0,-0.5,0
14.5,1.0,-0.5,0
14.5,1.0,-0.5,0
14.5,1.0,-0.5,0
beta,leakage,utility,mask_size
15.0,1.0,-0.5,0
15.0,1.0,-0.5,0
15.0,1.0,-0.5,0
15.0,1.0,-0.5,0
15.0,1.0,-0.5,0
15.0,1.0,-0.5,0
15.0,1.0,-0.5,0
15.0,1.0,-0.5,0
15.0,1.0,-0.5,0
15.0,1.0,-0.5,0
15.0,1.0,-0.5,0
15.0,1.0,-0.5,0
15.0,1.0,-0.5,0
15.0,1.0,-0.5,0
15.0,1.0,-0.5,0
15.0,1.0,-0.5,0
15.0,1.0,-0.5,0
15.0,1.0,-0.5,0
15.0,1.0,-0.5,0
15.0,1.0,-0.5,0
15.0,1.0,-0.5,0
15.0,1.0,-0.5,0
15.0,1.0,-0.5,0
15.0,1.0,-0.5,0
15.0,1.0,-0.5,0
15.0,1.0,-0.5,0
15.0,1.0,-0.5,0
15.0,1.0,-0.5,0
15.0,1.0,-0.5,0
15.0,1.0,-0.5,0
15.0,1.0,-0.5,0
15.0,1.0,-0.5,0
15.0,1.0,-0.5,0
15.0,1.0,-0.5,0
15.0,1.0,-0.5,0
15.0,1.0,-0.5,0
15.0,1.0,-0.5,0
15.0,1.0,-0.5,0
15.0,1.0,-0.5,0
15.0,1.0,-0.5,0
15.0,1.0,-0.5,0
15.0,1.0,-0.5,0
15.0,1.0,-0.5,0
15.0,1.0,-0.5,0
15.0,1.0,-0.5,0
15.0,1.0,-0.5,0
15.0,1.0,-0.5,0
15.0,1.0,-0.5,0
15.0,1.0,-0.5,0
15.0,1.0,-0.5,0
beta,leakage,utility,mask_size
15.5,1.0,-0.5,0
15.5,1.0,-0.5,0
15.5,1.0,-0.5,0
15.5,1.0,-0.5,0
15.5,1.0,-0.5,0
15.5,1.0,-0.5,0
15.5,1.0,-0.5,0
15.5,1.0,-0.5,0
15.5,1.0,-0.5,0
15.5,1.0,-0.5,0
15.5,1.0,-0.5,0
15.5,1.0,-0.5,0
15.5,1.0,-0.5,0
15.5,1.0,-0.5,0
15.5,1.0,-0.5,0
15.5,1.0,-0.5,0
15.5,1.0,-0.5,0
15.5,1.0,-0.5,0
15.5,1.0,-0.5,0
15.5,1.0,-0.5,0
15.5,1.0,-0.5,0
15.5,1.0,-0.5,0
15.5,1.0,-0.5,0
15.5,1.0,-0.5,0
15.5,1.0,-0.5,0
15.5,1.0,-0.5,0
15.5,1.0,-0.5,0
15.5,1.0,-0.5,0
15.5,1.0,-0.5,0
15.5,1.0,-0.5,0
15.5,1.0,-0.5,0
15.5,1.0,-0.5,0
15.5,1.0,-0.5,0
15.5,1.0,-0.5,0
15.5,1.0,-0.5,0
15.5,1.0,-0.5,0
15.5,1.0,-0.5,0
15.5,1.0,-0.5,0
15.5,1.0,-0.5,0
15.5,1.0,-0.5,0
15.5,1.0,-0.5,0
15.5,1.0,-0.5,0
15.5,1.0,-0.5,0
15.5,1.0,-0.5,0
15.5,1.0,-0.5,0
15.5,1.0,-0.5,0
15.5,1.0,-0.5,0
15.5,1.0,-0.5,0
15.5,1.0,-0.5,0
15.5,1.0,-0.5,0
beta,leakage,utility,mask_size
16.0,1.0,-0.5,0
16.0,1.0,-0.5,0
16.0,1.0,-0.5,0
16.0,1.0,-0.5,0
16.0,1.0,-0.5,0
16.0,1.0,-0.5,0
16.0,1.0,-0.5,0
16.0,1.0,-0.5,0
16.0,1.0,-0.5,0
16.0,1.0,-0.5,0
16.0,1.0,-0.5,0
16.0,1.0,-0.5,0
16.0,1.0,-0.5,0
16.0,1.0,-0.5,0
16.0,1.0,-0.5,0
16.0,1.0,-0.5,0
16.0,1.0,-0.5,0
16.0,1.0,-0.5,0
16.0,1.0,-0.5,0
16.0,1.0,-0.5,0
16.0,1.0,-0.5,0
16.0,1.0,-0.5,0
16.0,1.0,-0.5,0
16.0,1.0,-0.5,0
16.0,1.0,-0.5,0
16.0,1.0,-0.5,0
16.0,1.0,-0.5,0
16.0,1.0,-0.5,0
16.0,1.0,-0.5,0
16.0,1.0,-0.5,0
16.0,1.0,-0.5,0
16.0,1.0,-0.5,0
16.0,1.0,-0.5,0
16.0,1.0,-0.5,0
16.0,1.0,-0.5,0
16.0,1.0,-0.5,0
16.0,1.0,-0.5,0
16.0,1.0,-0.5,0
16.0,1.0,-0.5,0
16.0,1.0,-0.5,0
16.0,1.0,-0.5,0
16.0,1.0,-0.5,0
16.0,1.0,-0.5,0
16.0,1.0,-0.5,0
16.0,1.0,-0.5,0
16.0,1.0,-0.5,0
16.0,1.0,-0.5,0
16.0,1.0,-0.5,0
16.0,1.0,-0.5,0
16.0,1.0,-0.5,0
beta,leakage,utility,mask_size
16.5,1.0,-0.5,0
16.5,1.0,-0.5,0
16.5,1.0,-0.5,0
16.5,1.0,-0.5,0
16.5,1.0,-0.5,0
16.5,1.0,-0.5,0
16.5,1.0,-0.5,0
16.5,1.0,-0.5,0
16.5,1.0,-0.5,0
16.5,1.0,-0.5,0
16.5,1.0,-0.5,0
16.5,1.0,-0.5,0
16.5,1.0,-0.5,0
16.5,1.0,-0.5,0
16.5,1.0,-0.5,0
16.5,1.0,-0.5,0
16.5,1.0,-0.5,0
16.5,1.0,-0.5,0
16.5,1.0,-0.5,0
16.5,1.0,-0.5,0
16.5,1.0,-0.5,0
16.5,1.0,-0.5,0
16.5,1.0,-0.5,0
16.5,1.0,-0.5,0
16.5,1.0,-0.5,0
16.5,1.0,-0.5,0
16.5,1.0,-0.5,0
16.5,1.0,-0.5,0
16.5,1.0,-0.5,0
16.5,1.0,-0.5,0
16.5,1.0,-0.5,0
16.5,1.0,-0.5,0
16.5,1.0,-0.5,0
16.5,1.0,-0.5,0
16.5,1.0,-0.5,0
16.5,1.0,-0.5,0
16.5,1.0,-0.5,0
16.5,1.0,-0.5,0
16.5,1.0,-0.5,0
16.5,1.0,-0.5,0
16.5,1.0,-0.5,0
16.5,1.0,-0.5,0
16.5,1.0,-0.5,0
16.5,1.0,-0.5,0
16.5,1.0,-0.5,0
16.5,1.0,-0.5,0
16.5,1.0,-0.5,0
16.5,1.0,-0.5,0
16.5,1.0,-0.5,0
16.5,1.0,-0.5,0
beta,leakage,utility,mask_size
17.0,1.0,-0.5,0
17.0,1.0,-0.5,0
17.0,1.0,-0.5,0
17.0,1.0,-0.5,0
17.0,1.0,-0.5,0
17.0,1.0,-0.5,0
17.0,1.0,-0.5,0
17.0,1.0,-0.5,0
17.0,1.0,-0.5,0
17.0,1.0,-0.5,0
17.0,1.0,-0.5,0
17.0,1.0,-0.5,0
17.0,1.0,-0.5,0
17.0,1.0,-0.5,0
17.0,1.0,-0.5,0
17.0,1.0,-0.5,0
17.0,1.0,-0.5,0
17.0,1.0,-0.5,0
17.0,1.0,-0.5,0
17.0,1.0,-0.5,0
17.0,1.0,-0.5,0
17.0,1.0,-0.5,0
17.0,1.0,-0.5,0
17.0,1.0,-0.5,0
17.0,1.0,-0.5,0
17.0,1.0,-0.5,0
17.0,1.0,-0.5,0
17.0,1.0,-0.5,0
17.0,1.0,-0.5,0
17.0,1.0,-0.5,0
17.0,1.0,-0.5,0
17.0,1.0,-0.5,0
17.0,1.0,-0.5,0
17.0,1.0,-0.5,0
17.0,1.0,-0.5,0
17.0,1.0,-0.5,0
17.0,1.0,-0.5,0
17.0,1.0,-0.5,0
17.0,1.0,-0.5,0
17.0,1.0,-0.5,0
17.0,1.0,-0.5,0
17.0,1.0,-0.5,0
17.0,1.0,-0.5,0
17.0,1.0,-0.5,0
17.0,1.0,-0.5,0
17.0,1.0,-0.5,0
17.0,1.0,-0.5,0
17.0,1.0,-0.5,0
17.0,1.0,-0.5,0
17.0,1.0,-0.5,0
beta,leakage,utility,mask_size
17.5,1.0,-0.5,0
17.5,1.0,-0.5,0
17.5,1.0,-0.5,0
17.5,1.0,-0.5,0
17.5,1.0,-0.5,0
17.5,1.0,-0.5,0
17.5,1.0,-0.5,0
17.5,1.0,-0.5,0
17.5,1.0,-0.5,0
17.5,1.0,-0.5,0
17.5,1.0,-0.5,0
17.5,1.0,-0.5,0
17.5,1.0,-0.5,0
17.5,1.0,-0.5,0
17.5,1.0,-0.5,0
17.5,1.0,-0.5,0
17.5,1.0,-0.5,0
17.5,1.0,-0.5,0
17.5,1.0,-0.5,0
17.5,1.0,-0.5,0
17.5,1.0,-0.5,0
17.5,1.0,-0.5,0
17.5,1.0,-0.5,0
17.5,1.0,-0.5,0
17.5,1.0,-0.5,0
17.5,1.0,-0.5,0
17.5,1.0,-0.5,0
17.5,1.0,-0.5,0
17.5,1.0,-0.5,0
17.5,1.0,-0.5,0
17.5,1.0,-0.5,0
17.5,1.0,-0.5,0
17.5,1.0,-0.5,0
17.5,1.0,-0.5,0
17.5,1.0,-0.5,0
17.5,1.0,-0.5,0
17.5,1.0,-0.5,0
17.5,1.0,-0.5,0
17.5,1.0,-0.5,0
17.5,1.0,-0.5,0
17.5,1.0,-0.5,0
17.5,1.0,-0.5,0
17.5,1.0,-0.5,0
17.5,1.0,-0.5,0
17.5,1.0,-0.5,0
17.5,1.0,-0.5,0
17.5,1.0,-0.5,0
17.5,1.0,-0.5,0
17.5,1.0,-0.5,0
17.5,1.0,-0.5,0
beta,leakage,utility,mask_size
18.0,1.0,-0.5,0
18.0,1.0,-0.5,0
18.0,1.0,-0.5,0
18.0,1.0,-0.5,0
18.0,1.0,-0.5,0
18.0,1.0,-0.5,0
18.0,1.0,-0.5,0
18.0,1.0,-0.5,0
18.0,1.0,-0.5,0
18.0,1.0,-0.5,0
18.0,1.0,-0.5,0
18.0,1.0,-0.5,0
18.0,1.0,-0.5,0
18.0,1.0,-0.5,0
18.0,1.0,-0.5,0
18.0,1.0,-0.5,0
18.0,1.0,-0.5,0
18.0,1.0,-0.5,0
18.0,1.0,-0.5,0
18.0,1.0,-0.5,0
18.0,1.0,-0.5,0
18.0,1.0,-0.5,0
18.0,1.0,-0.5,0
18.0,1.0,-0.5,0
18.0,1.0,-0.5,0
18.0,1.0,-0.5,0
18.0,1.0,-0.5,0
18.0,1.0,-0.5,0
18.0,1.0,-0.5,0
18.0,1.0,-0.5,0
18.0,1.0,-0.5,0
18.0,1.0,-0.5,0
18.0,1.0,-0.5,0
18.0,1.0,-0.5,0
18.0,1.0,-0.5,0
18.0,1.0,-0.5,0
18.0,1.0,-0.5,0
18.0,1.0,-0.5,0
18.0,1.0,-0.5,0
18.0,1.0,-0.5,0
18.0,1.0,-0.5,0
18.0,1.0,-0.5,0
18.0,1.0,-0.5,0
18.0,1.0,-0.5,0
18.0,1.0,-0.5,0
18.0,1.0,-0.5,0
18.0,1.0,-0.5,0
18.0,1.0,-0.5,0
18.0,1.0,-0.5,0
18.0,1.0,-0.5,0
beta,leakage,utility,mask_size
18.5,1.0,-0.5,0
18.5,1.0,-0.5,0
18.5,1.0,-0.5,0
18.5,1.0,-0.5,0
18.5,1.0,-0.5,0
18.5,1.0,-0.5,0
18.5,1.0,-0.5,0
18.5,1.0,-0.5,0
18.5,1.0,-0.5,0
18.5,1.0,-0.5,0
18.5,1.0,-0.5,0
18.5,1.0,-0.5,0
18.5,1.0,-0.5,0
18.5,1.0,-0.5,0
18.5,1.0,-0.5,0
18.5,1.0,-0.5,0
18.5,1.0,-0.5,0
18.5,1.0,-0.5,0
18.5,1.0,-0.5,0
18.5,1.0,-0.5,0
18.5,1.0,-0.5,0
18.5,1.0,-0.5,0
18.5,1.0,-0.5,0
18.5,1.0,-0.5,0
18.5,1.0,-0.5,0
18.5,1.0,-0.5,0
18.5,1.0,-0.5,0
18.5,1.0,-0.5,0
18.5,1.0,-0.5,0
18.5,1.0,-0.5,0
18.5,1.0,-0.5,0
18.5,1.0,-0.5,0
18.5,1.0,-0.5,0
18.5,1.0,-0.5,0
18.5,1.0,-0.5,0
18.5,1.0,-0.5,0
18.5,1.0,-0.5,0
18.5,1.0,-0.5,0
18.5,1.0,-0.5,0
18.5,1.0,-0.5,0
18.5,1.0,-0.5,0
18.5,1.0,-0.5,0
18.5,1.0,-0.5,0
18.5,1.0,-0.5,0
18.5,1.0,-0.5,0
18.5,1.0,-0.5,0
18.5,1.0,-0.5,0
18.5,1.0,-0.5,0
18.5,1.0,-0.5,0
18.5,1.0,-0.5,0
beta,leakage,utility,mask_size
19.0,1.0,-0.5,0
19.0,1.0,-0.5,0
19.0,1.0,-0.5,0
19.0,1.0,-0.5,0
19.0,1.0,-0.5,0
19.0,1.0,-0.5,0
19.0,1.0,-0.5,0
19.0,1.0,-0.5,0
19.0,1.0,-0.5,0
19.0,1.0,-0.5,0
19.0,1.0,-0.5,0
19.0,1.0,-0.5,0
19.0,1.0,-0.5,0
19.0,1.0,-0.5,0
19.0,1.0,-0.5,0
19.0,1.0,-0.5,0
19.0,1.0,-0.5,0
19.0,1.0,-0.5,0
19.0,1.0,-0.5,0
19.0,1.0,-0.5,0
19.0,1.0,-0.5,0
19.0,1.0,-0.5,0
19.0,1.0,-0.5,0
19.0,1.0,-0.5,0
19.0,1.0,-0.5,0
19.0,1.0,-0.5,0
19.0,1.0,-0.5,0
19.0,1.0,-0.5,0
19.0,1.0,-0.5,0
19.0,1.0,-0.5,0
19.0,1.0,-0.5,0
19.0,1.0,-0.5,0
19.0,1.0,-0.5,0
19.0,1.0,-0.5,0
19.0,1.0,-0.5,0
19.0,1.0,-0.5,0
19.0,1.0,-0.5,0
19.0,1.0,-0.5,0
19.0,1.0,-0.5,0
19.0,1.0,-0.5,0
19.0,1.0,-0.5,0
19.0,1.0,-0.5,0
19.0,1.0,-0.5,0
19.0,1.0,-0.5,0
19.0,1.0,-0.5,0
19.0,1.0,-0.5,0
19.0,1.0,-0.5,0
19.0,1.0,-0.5,0
19.0,1.0,-0.5,0
19.0,1.0,-0.5,0
beta,leakage,utility,mask_size
19.5,1.0,-0.5,0
19.5,1.0,-0.5,0
19.5,1.0,-0.5,0
19.5,1.0,-0.5,0
19.5,1.0,-0.5,0
19.5,1.0,-0.5,0
19.5,1.0,-0.5,0
19.5,1.0,-0.5,0
19.5,1.0,-0.5,0
19.5,1.0,-0.5,0
19.5,1.0,-0.5,0
19.5,1.0,-0.5,0
19.5,1.0,-0.5,0
19.5,1.0,-0.5,0
19.5,1.0,-0.5,0
19.5,1.0,-0.5,0
19.5,1.0,-0.5,0
19.5,1.0,-0.5,0
19.5,1.0,-0.5,0
19.5,1.0,-0.5,0
19.5,1.0,-0.5,0
19.5,1.0,-0.5,0
19.5,1.0,-0.5,0
19.5,1.0,-0.5,0
19.5,1.0,-0.5,0
19.5,1.0,-0.5,0
19.5,1.0,-0.5,0
19.5,1.0,-0.5,0
19.5,1.0,-0.5,0
19.5,1.0,-0.5,0
19.5,1.0,-0.5,0
19.5,1.0,-0.5,0
19.5,1.0,-0.5,0
19.5,1.0,-0.5,0
19.5,1.0,-0.5,0
19.5,1.0,-0.5,0
19.5,1.0,-0.5,0
19.5,1.0,-0.5,0
19.5,1.0,-0.5,0
19.5,1.0,-0.5,0
19.5,1.0,-0.5,0
19.5,1.0,-0.5,0
19.5,1.0,-0.5,0
19.5,1.0,-0.5,0
19.5,1.0,-0.5,0
19.5,1.0,-0.5,0
19.5,1.0,-0.5,0
19.5,1.0,-0.5,0
19.5,1.0,-0.5,0
19.5,1.0,-0.5,0
beta,leakage,utility,mask_size
20.0,1.0,-0.5,0
20.0,1.0,-0.5,0
20.0,1.0,-0.5,0
20.0,1.0,-0.5,0
20.0,1.0,-0.5,0
20.0,1.0,-0.5,0
20.0,1.0,-0.5,0
20.0,1.0,-0.5,0
20.0,1.0,-0.5,0
20.0,1.0,-0.5,0
20.0,1.0,-0.5,0
20.0,1.0,-0.5,0
20.0,1.0,-0.5,0
20.0,1.0,-0.5,0
20.0,1.0,-0.5,0
20.0,1.0,-0.5,0
20.0,1.0,-0.5,0
20.0,1.0,-0.5,0
20.0,1.0,-0.5,0
20.0,1.0,-0.5,0
20.0,1.0,-0.5,0
20.0,1.0,-0.5,0
20.0,1.0,-0.5,0
20.0,1.0,-0.5,0
20.0,1.0,-0.5,0
20.0,1.0,-0.5,0
20.0,1.0,-0.5,0
20.0,1.0,-0.5,0
20.0,1.0,-0.5,0
20.0,1.0,-0.5,0
20.0,1.0,-0.5,0
20.0,1.0,-0.5,0
20.0,1.0,-0.5,0
20.0,1.0,-0.5,0
20.0,1.0,-0.5,0
20.0,1.0,-0.5,0
20.0,1.0,-0.5,0
20.0,1.0,-0.5,0
20.0,1.0,-0.5,0
20.0,1.0,-0.5,0
20.0,1.0,-0.5,0
20.0,1.0,-0.5,0
20.0,1.0,-0.5,0
20.0,1.0,-0.5,0
20.0,1.0,-0.5,0
20.0,1.0,-0.5,0
20.0,1.0,-0.5,0
20.0,1.0,-0.5,0
20.0,1.0,-0.5,0
20.0,1.0,-0.5,0
beta,leakage,utility,mask_size
20.5,1.0,-0.5,0
20.5,1.0,-0.5,0
20.5,1.0,-0.5,0
20.5,1.0,-0.5,0
20.5,1.0,-0.5,0
20.5,1.0,-0.5,0
20.5,1.0,-0.5,0
20.5,1.0,-0.5,0
20.5,1.0,-0.5,0
20.5,1.0,-0.5,0
20.5,1.0,-0.5,0
20.5,1.0,-0.5,0
20.5,1.0,-0.5,0
20.5,1.0,-0.5,0
20.5,1.0,-0.5,0
20.5,1.0,-0.5,0
20.5,1.0,-0.5,0
20.5,1.0,-0.5,0
20.5,1.0,-0.5,0
20.5,1.0,-0.5,0
20.5,1.0,-0.5,0
20.5,1.0,-0.5,0
20.5,1.0,-0.5,0
20.5,1.0,-0.5,0
20.5,1.0,-0.5,0
20.5,1.0,-0.5,0
20.5,1.0,-0.5,0
20.5,1.0,-0.5,0
20.5,1.0,-0.5,0
20.5,1.0,-0.5,0
20.5,1.0,-0.5,0
20.5,1.0,-0.5,0
20.5,1.0,-0.5,0
20.5,1.0,-0.5,0
20.5,1.0,-0.5,0
20.5,1.0,-0.5,0
20.5,1.0,-0.5,0
20.5,1.0,-0.5,0
20.5,1.0,-0.5,0
20.5,1.0,-0.5,0
20.5,1.0,-0.5,0
20.5,1.0,-0.5,0
20.5,1.0,-0.5,0
20.5,1.0,-0.5,0
20.5,1.0,-0.5,0
20.5,1.0,-0.5,0
20.5,1.0,-0.5,0
20.5,1.0,-0.5,0
20.5,1.0,-0.5,0
20.5,1.0,-0.5,0
beta,leakage,utility,mask_size
21.0,1.0,-0.5,0
21.0,1.0,-0.5,0
21.0,1.0,-0.5,0
21.0,1.0,-0.5,0
21.0,1.0,-0.5,0
21.0,1.0,-0.5,0
21.0,1.0,-0.5,0
21.0,1.0,-0.5,0
21.0,1.0,-0.5,0
21.0,1.0,-0.5,0
21.0,1.0,-0.5,0
21.0,1.0,-0.5,0
21.0,1.0,-0.5,0
21.0,1.0,-0.5,0
21.0,1.0,-0.5,0
21.0,1.0,-0.5,0
21.0,1.0,-0.5,0
21.0,1.0,-0.5,0
21.0,1.0,-0.5,0
21.0,1.0,-0.5,0
21.0,1.0,-0.5,0
21.0,1.0,-0.5,0
21.0,1.0,-0.5,0
21.0,1.0,-0.5,0
21.0,1.0,-0.5,0
21.0,1.0,-0.5,0
21.0,1.0,-0.5,0
21.0,1.0,-0.5,0
21.0,1.0,-0.5,0
21.0,1.0,-0.5,0
21.0,1.0,-0.5,0
21.0,1.0,-0.5,0
21.0,1.0,-0.5,0
21.0,1.0,-0.5,0
21.0,1.0,-0.5,0
21.0,1.0,-0.5,0
21.0,1.0,-0.5,0
21.0,1.0,-0.5,0
21.0,1.0,-0.5,0
21.0,1.0,-0.5,0
21.0,1.0,-0.5,0
21.0,1.0,-0.5,0
21.0,1.0,-0.5,0
21.0,1.0,-0.5,0
21.0,1.0,-0.5,0
21.0,1.0,-0.5,0
21.0,1.0,-0.5,0
21.0,1.0,-0.5,0
21.0,1.0,-0.5,0
21.0,1.0,-0.5,0
beta,leakage,utility,mask_size
21.5,1.0,-0.5,0
21.5,1.0,-0.5,0
21.5,1.0,-0.5,0
21.5,1.0,-0.5,0
21.5,1.0,-0.5,0
21.5,1.0,-0.5,0
21.5,1.0,-0.5,0
21.5,1.0,-0.5,0
21.5,1.0,-0.5,0
21.5,1.0,-0.5,0
21.5,1.0,-0.5,0
21.5,1.0,-0.5,0
21.5,1.0,-0.5,0
21.5,1.0,-0.5,0
21.5,1.0,-0.5,0
21.5,1.0,-0.5,0
21.5,1.0,-0.5,0
21.5,1.0,-0.5,0
21.5,1.0,-0.5,0
21.5,1.0,-0.5,0
21.5,1.0,-0.5,0
21.5,1.0,-0.5,0
21.5,1.0,-0.5,0
21.5,1.0,-0.5,0
21.5,1.0,-0.5,0
21.5,1.0,-0.5,0
21.5,1.0,-0.5,0
21.5,1.0,-0.5,0
21.5,1.0,-0.5,0
21.5,1.0,-0.5,0
21.5,1.0,-0.5,0
21.5,1.0,-0.5,0
21.5,1.0,-0.5,0
21.5,1.0,-0.5,0
21.5,1.0,-0.5,0
21.5,1.0,-0.5,0
21.5,1.0,-0.5,0
21.5,1.0,-0.5,0
21.5,1.0,-0.5,0
21.5,1.0,-0.5,0
21.5,1.0,-0.5,0
21.5,1.0,-0.5,0
21.5,1.0,-0.5,0
21.5,1.0,-0.5,0
21.5,1.0,-0.5,0
21.5,1.0,-0.5,0
21.5,1.0,-0.5,0
21.5,1.0,-0.5,0
21.5,1.0,-0.5,0
21.5,1.0,-0.5,0
beta,leakage,utility,mask_size
22.0,1.0,-0.5,0
22.0,1.0,-0.5,0
22.0,1.0,-0.5,0
22.0,1.0,-0.5,0
22.0,1.0,-0.5,0
22.0,1.0,-0.5,0
22.0,1.0,-0.5,0
22.0,1.0,-0.5,0
22.0,1.0,-0.5,0
22.0,1.0,-0.5,0
22.0,1.0,-0.5,0
22.0,1.0,-0.5,0
22.0,1.0,-0.5,0
22.0,1.0,-0.5,0
22.0,1.0,-0.5,0
22.0,1.0,-0.5,0
22.0,1.0,-0.5,0
22.0,1.0,-0.5,0
22.0,1.0,-0.5,0
22.0,1.0,-0.5,0
22.0,1.0,-0.5,0
22.0,1.0,-0.5,0
22.0,1.0,-0.5,0
22.0,1.0,-0.5,0
22.0,1.0,-0.5,0
22.0,1.0,-0.5,0
22.0,1.0,-0.5,0
22.0,1.0,-0.5,0
22.0,1.0,-0.5,0
22.0,1.0,-0.5,0
22.0,1.0,-0.5,0
22.0,1.0,-0.5,0
22.0,1.0,-0.5,0
22.0,1.0,-0.5,0
22.0,1.0,-0.5,0
22.0,1.0,-0.5,0
22.0,1.0,-0.5,0
22.0,1.0,-0.5,0
22.0,1.0,-0.5,0
22.0,1.0,-0.5,0
22.0,1.0,-0.5,0
22.0,1.0,-0.5,0
22.0,1.0,-0.5,0
22.0,1.0,-0.5,0
22.0,1.0,-0.5,0
22.0,1.0,-0.5,0
22.0,1.0,-0.5,0
22.0,1.0,-0.5,0
22.0,1.0,-0.5,0
22.0,1.0,-0.5,0
beta,leakage,utility,mask_size
22.5,1.0,-0.5,0
22.5,1.0,-0.5,0
22.5,1.0,-0.5,0
22.5,1.0,-0.5,0
22.5,1.0,-0.5,0
22.5,1.0,-0.5,0
22.5,1.0,-0.5,0
22.5,1.0,-0.5,0
22.5,1.0,-0.5,0
22.5,1.0,-0.5,0
22.5,1.0,-0.5,0
22.5,1.0,-0.5,0
22.5,1.0,-0.5,0
22.5,1.0,-0.5,0
22.5,1.0,-0.5,0
22.5,1.0,-0.5,0
22.5,1.0,-0.5,0
22.5,1.0,-0.5,0
22.5,1.0,-0.5,0
22.5,1.0,-0.5,0
22.5,1.0,-0.5,0
22.5,1.0,-0.5,0
22.5,1.0,-0.5,0
22.5,1.0,-0.5,0
22.5,1.0,-0.5,0
22.5,1.0,-0.5,0
22.5,1.0,-0.5,0
22.5,1.0,-0.5,0
22.5,1.0,-0.5,0
22.5,1.0,-0.5,0
22.5,1.0,-0.5,0
22.5,1.0,-0.5,0
22.5,1.0,-0.5,0
22.5,1.0,-0.5,0
22.5,1.0,-0.5,0
22.5,1.0,-0.5,0
22.5,1.0,-0.5,0
22.5,1.0,-0.5,0
22.5,1.0,-0.5,0
22.5,1.0,-0.5,0
22.5,1.0,-0.5,0
22.5,1.0,-0.5,0
22.5,1.0,-0.5,0
22.5,1.0,-0.5,0
22.5,1.0,-0.5,0
22.5,1.0,-0.5,0
22.5,1.0,-0.5,0
22.5,1.0,-0.5,0
22.5,1.0,-0.5,0
22.5,1.0,-0.5,0
beta,leakage,utility,mask_size
23.0,1.0,-0.5,0
23.0,1.0,-0.5,0
23.0,1.0,-0.5,0
23.0,1.0,-0.5,0
23.0,1.0,-0.5,0
23.0,1.0,-0.5,0
23.0,1.0,-0.5,0
23.0,1.0,-0.5,0
23.0,1.0,-0.5,0
23.0,1.0,-0.5,0
23.0,1.0,-0.5,0
23.0,1.0,-0.5,0
23.0,1.0,-0.5,0
23.0,1.0,-0.5,0
23.0,1.0,-0.5,0
23.0,1.0,-0.5,0
23.0,1.0,-0.5,0
23.0,1.0,-0.5,0
23.0,1.0,-0.5,0
23.0,1.0,-0.5,0
23.0,1.0,-0.5,0
23.0,1.0,-0.5,0
23.0,1.0,-0.5,0
23.0,1.0,-0.5,0
23.0,1.0,-0.5,0
23.0,1.0,-0.5,0
23.0,1.0,-0.5,0
23.0,1.0,-0.5,0
23.0,1.0,-0.5,0
23.0,1.0,-0.5,0
23.0,1.0,-0.5,0
23.0,1.0,-0.5,0
23.0,1.0,-0.5,0
23.0,1.0,-0.5,0
23.0,1.0,-0.5,0
23.0,1.0,-0.5,0
23.0,1.0,-0.5,0
23.0,1.0,-0.5,0
23.0,1.0,-0.5,0
23.0,1.0,-0.5,0
23.0,1.0,-0.5,0
23.0,1.0,-0.5,0
23.0,1.0,-0.5,0
23.0,1.0,-0.5,0
23.0,1.0,-0.5,0
23.0,1.0,-0.5,0
23.0,1.0,-0.5,0
23.0,1.0,-0.5,0
23.0,1.0,-0.5,0
23.0,1.0,-0.5,0
beta,leakage,utility,mask_size
23.5,1.0,-0.5,0
23.5,1.0,-0.5,0
23.5,1.0,-0.5,0
23.5,1.0,-0.5,0
23.5,1.0,-0.5,0
23.5,1.0,-0.5,0
23.5,1.0,-0.5,0
23.5,1.0,-0.5,0
23.5,1.0,-0.5,0
23.5,1.0,-0.5,0
23.5,1.0,-0.5,0
23.5,1.0,-0.5,0
23.5,1.0,-0.5,0
23.5,1.0,-0.5,0
23.5,1.0,-0.5,0
23.5,1.0,-0.5,0
23.5,1.0,-0.5,0
23.5,1.0,-0.5,0
23.5,1.0,-0.5,0
23.5,1.0,-0.5,0
23.5,1.0,-0.5,0
23.5,1.0,-0.5,0
23.5,1.0,-0.5,0
23.5,1.0,-0.5,0
23.5,1.0,-0.5,0
23.5,1.0,-0.5,0
23.5,1.0,-0.5,0
23.5,1.0,-0.5,0
23.5,1.0,-0.5,0
23.5,1.0,-0.5,0
23.5,1.0,-0.5,0
23.5,1.0,-0.5,0
23.5,1.0,-0.5,0
23.5,1.0,-0.5,0
23.5,1.0,-0.5,0
23.5,1.0,-0.5,0
23.5,1.0,-0.5,0
23.5,1.0,-0.5,0
23.5,1.0,-0.5,0
23.5,1.0,-0.5,0
23.5,1.0,-0.5,0
23.5,1.0,-0.5,0
23.5,1.0,-0.5,0
23.5,1.0,-0.5,0
23.5,1.0,-0.5,0
23.5,1.0,-0.5,0
23.5,1.0,-0.5,0
23.5,1.0,-0.5,0
23.5,1.0,-0.5,0
23.5,1.0,-0.5,0
beta,leakage,utility,mask_size
24.0,1.0,-0.5,0
24.0,1.0,-0.5,0
24.0,1.0,-0.5,0
24.0,1.0,-0.5,0
24.0,1.0,-0.5,0
24.0,1.0,-0.5,0
24.0,1.0,-0.5,0
24.0,1.0,-0.5,0
24.0,1.0,-0.5,0
24.0,1.0,-0.5,0
24.0,1.0,-0.5,0
24.0,1.0,-0.5,0
24.0,1.0,-0.5,0
24.0,1.0,-0.5,0
24.0,1.0,-0.5,0
24.0,1.0,-0.5,0
24.0,1.0,-0.5,0
24.0,1.0,-0.5,0
24.0,1.0,-0.5,0
24.0,1.0,-0.5,0
24.0,1.0,-0.5,0
24.0,1.0,-0.5,0
24.0,1.0,-0.5,0
24.0,1.0,-0.5,0
24.0,1.0,-0.5,0
24.0,1.0,-0.5,0
24.0,1.0,-0.5,0
24.0,1.0,-0.5,0
24.0,1.0,-0.5,0
24.0,1.0,-0.5,0
24.0,1.0,-0.5,0
24.0,1.0,-0.5,0
24.0,1.0,-0.5,0
24.0,1.0,-0.5,0
24.0,1.0,-0.5,0
24.0,1.0,-0.5,0
24.0,1.0,-0.5,0
24.0,1.0,-0.5,0
24.0,1.0,-0.5,0
24.0,1.0,-0.5,0
24.0,1.0,-0.5,0
24.0,1.0,-0.5,0
24.0,1.0,-0.5,0
24.0,1.0,-0.5,0
24.0,1.0,-0.5,0
24.0,1.0,-0.5,0
24.0,1.0,-0.5,0
24.0,1.0,-0.5,0
24.0,1.0,-0.5,0
24.0,1.0,-0.5,0
beta,leakage,utility,mask_size
24.5,1.0,-0.5,0
24.5,1.0,-0.5,0
24.5,1.0,-0.5,0
24.5,1.0,-0.5,0
24.5,1.0,-0.5,0
24.5,1.0,-0.5,0
24.5,1.0,-0.5,0
24.5,1.0,-0.5,0
24.5,1.0,-0.5,0
24.5,1.0,-0.5,0
24.5,1.0,-0.5,0
24.5,1.0,-0.5,0
24.5,1.0,-0.5,0
24.5,1.0,-0.5,0
24.5,1.0,-0.5,0
24.5,1.0,-0.5,0
24.5,1.0,-0.5,0
24.5,1.0,-0.5,0
24.5,1.0,-0.5,0
24.5,1.0,-0.5,0
24.5,1.0,-0.5,0
24.5,1.0,-0.5,0
24.5,1.0,-0.5,0
24.5,1.0,-0.5,0
24.5,1.0,-0.5,0
24.5,1.0,-0.5,0
24.5,1.0,-0.5,0
24.5,1.0,-0.5,0
24.5,1.0,-0.5,0
24.5,1.0,-0.5,0
24.5,1.0,-0.5,0
24.5,1.0,-0.5,0
24.5,1.0,-0.5,0
24.5,1.0,-0.5,0
24.5,1.0,-0.5,0
24.5,1.0,-0.5,0
24.5,1.0,-0.5,0
24.5,1.0,-0.5,0
24.5,1.0,-0.5,0
24.5,1.0,-0.5,0
24.5,1.0,-0.5,0
24.5,1.0,-0.5,0
24.5,1.0,-0.5,0
24.5,1.0,-0.5,0
24.5,1.0,-0.5,0
24.5,1.0,-0.5,0
24.5,1.0,-0.5,0
24.5,1.0,-0.5,0
24.5,1.0,-0.5,0
24.5,1.0,-0.5,0
beta,leakage,utility,mask_size
25.0,1.0,-0.5,0
25.0,1.0,-0.5,0
25.0,1.0,-0.5,0
25.0,1.0,-0.5,0
25.0,1.0,-0.5,0
25.0,1.0,-0.5,0
25.0,1.0,-0.5,0
25.0,1.0,-0.5,0
25.0,1.0,-0.5,0
25.0,1.0,-0.5,0
25.0,1.0,-0.5,0
25.0,1.0,-0.5,0
25.0,1.0,-0.5,0
25.0,1.0,-0.5,0
25.0,1.0,-0.5,0
25.0,1.0,-0.5,0
25.0,1.0,-0.5,0
25.0,1.0,-0.5,0
25.0,1.0,-0.5,0
25.0,1.0,-0.5,0
25.0,1.0,-0.5,0
25.0,1.0,-0.5,0
25.0,1.0,-0.5,0
25.0,1.0,-0.5,0
25.0,1.0,-0.5,0
25.0,1.0,-0.5,0
25.0,1.0,-0.5,0
25.0,1.0,-0.5,0
25.0,1.0,-0.5,0
25.0,1.0,-0.5,0
25.0,1.0,-0.5,0
25.0,1.0,-0.5,0
25.0,1.0,-0.5,0
25.0,1.0,-0.5,0
25.0,1.0,-0.5,0
25.0,1.0,-0.5,0
25.0,1.0,-0.5,0
25.0,1.0,-0.5,0
25.0,1.0,-0.5,0
25.0,1.0,-0.5,0
25.0,1.0,-0.5,0
25.0,1.0,-0.5,0
25.0,1.0,-0.5,0
25.0,1.0,-0.5,0
25.0,1.0,-0.5,0
25.0,1.0,-0.5,0
25.0,1.0,-0.5,0
25.0,1.0,-0.5,0
25.0,1.0,-0.5,0
25.0,1.0,-0.5,0
beta,leakage,utility,mask_size
25.5,1.0,-0.5,0
25.5,1.0,-0.5,0
25.5,1.0,-0.5,0
25.5,1.0,-0.5,0
25.5,1.0,-0.5,0
25.5,1.0,-0.5,0
25.5,1.0,-0.5,0
25.5,1.0,-0.5,0
25.5,1.0,-0.5,0
25.5,1.0,-0.5,0
25.5,1.0,-0.5,0
25.5,1.0,-0.5,0
25.5,1.0,-0.5,0
25.5,1.0,-0.5,0
25.5,1.0,-0.5,0
25.5,1.0,-0.5,0
25.5,1.0,-0.5,0
25.5,1.0,-0.5,0
25.5,1.0,-0.5,0
25.5,1.0,-0.5,0
25.5,1.0,-0.5,0
25.5,1.0,-0.5,0
25.5,1.0,-0.5,0
25.5,1.0,-0.5,0
25.5,1.0,-0.5,0
25.5,1.0,-0.5,0
25.5,1.0,-0.5,0
25.5,1.0,-0.5,0
25.5,1.0,-0.5,0
25.5,1.0,-0.5,0
25.5,1.0,-0.5,0
25.5,1.0,-0.5,0
25.5,1.0,-0.5,0
25.5,1.0,-0.5,0
25.5,1.0,-0.5,0
25.5,1.0,-0.5,0
25.5,1.0,-0.5,0
25.5,1.0,-0.5,0
25.5,1.0,-0.5,0
25.5,1.0,-0.5,0
25.5,1.0,-0.5,0
25.5,1.0,-0.5,0
25.5,1.0,-0.5,0
25.5,1.0,-0.5,0
25.5,1.0,-0.5,0
25.5,1.0,-0.5,0
25.5,1.0,-0.5,0
25.5,1.0,-0.5,0
25.5,1.0,-0.5,0
25.5,1.0,-0.5,0
beta,leakage,utility,mask_size
26.0,1.0,-0.5,0
26.0,1.0,-0.5,0
26.0,1.0,-0.5,0
26.0,1.0,-0.5,0
26.0,1.0,-0.5,0
26.0,1.0,-0.5,0
26.0,1.0,-0.5,0
26.0,1.0,-0.5,0
26.0,1.0,-0.5,0
26.0,1.0,-0.5,0
26.0,1.0,-0.5,0
26.0,1.0,-0.5,0
26.0,1.0,-0.5,0
26.0,1.0,-0.5,0
26.0,1.0,-0.5,0
26.0,1.0,-0.5,0
26.0,1.0,-0.5,0
26.0,1.0,-0.5,0
26.0,1.0,-0.5,0
26.0,1.0,-0.5,0
26.0,1.0,-0.5,0
26.0,1.0,-0.5,0
26.0,1.0,-0.5,0
26.0,1.0,-0.5,0
26.0,1.0,-0.5,0
26.0,1.0,-0.5,0
26.0,1.0,-0.5,0
26.0,1.0,-0.5,0
26.0,1.0,-0.5,0
26.0,1.0,-0.5,0
26.0,1.0,-0.5,0
26.0,1.0,-0.5,0
26.0,1.0,-0.5,0
26.0,1.0,-0.5,0
26.0,1.0,-0.5,0
26.0,1.0,-0.5,0
26.0,1.0,-0.5,0
26.0,1.0,-0.5,0
26.0,1.0,-0.5,0
26.0,1.0,-0.5,0
26.0,1.0,-0.5,0
26.0,1.0,-0.5,0
26.0,1.0,-0.5,0
26.0,1.0,-0.5,0
26.0,1.0,-0.5,0
26.0,1.0,-0.5,0
26.0,1.0,-0.5,0
26.0,1.0,-0.5,0
26.0,1.0,-0.5,0
26.0,1.0,-0.5,0
beta,leakage,utility,mask_size
26.5,1.0,-0.5,0
26.5,1.0,-0.5,0
26.5,1.0,-0.5,0
26.5,1.0,-0.5,0
26.5,1.0,-0.5,0
26.5,1.0,-0.5,0
26.5,1.0,-0.5,0
26.5,1.0,-0.5,0
26.5,1.0,-0.5,0
26.5,1.0,-0.5,0
26.5,1.0,-0.5,0
26.5,1.0,-0.5,0
26.5,1.0,-0.5,0
26.5,1.0,-0.5,0
26.5,1.0,-0.5,0
26.5,1.0,-0.5,0
26.5,1.0,-0.5,0
26.5,1.0,-0.5,0
26.5,1.0,-0.5,0
26.5,1.0,-0.5,0
26.5,1.0,-0.5,0
26.5,1.0,-0.5,0
26.5,1.0,-0.5,0
26.5,1.0,-0.5,0
26.5,1.0,-0.5,0
26.5,1.0,-0.5,0
26.5,1.0,-0.5,0
26.5,1.0,-0.5,0
26.5,1.0,-0.5,0
26.5,1.0,-0.5,0
26.5,1.0,-0.5,0
26.5,1.0,-0.5,0
26.5,1.0,-0.5,0
26.5,1.0,-0.5,0
26.5,1.0,-0.5,0
26.5,1.0,-0.5,0
26.5,1.0,-0.5,0
26.5,1.0,-0.5,0
26.5,1.0,-0.5,0
26.5,1.0,-0.5,0
26.5,1.0,-0.5,0
26.5,1.0,-0.5,0
26.5,1.0,-0.5,0
26.5,1.0,-0.5,0
26.5,1.0,-0.5,0
26.5,1.0,-0.5,0
26.5,1.0,-0.5,0
26.5,1.0,-0.5,0
26.5,1.0,-0.5,0
26.5,1.0,-0.5,0
beta,leakage,utility,mask_size
27.0,1.0,-0.5,0
27.0,1.0,-0.5,0
27.0,1.0,-0.5,0
27.0,1.0,-0.5,0
27.0,1.0,-0.5,0
27.0,1.0,-0.5,0
27.0,1.0,-0.5,0
27.0,1.0,-0.5,0
27.0,1.0,-0.5,0
27.0,1.0,-0.5,0
27.0,1.0,-0.5,0
27.0,1.0,-0.5,0
27.0,1.0,-0.5,0
27.0,1.0,-0.5,0
27.0,1.0,-0.5,0
27.0,1.0,-0.5,0
27.0,1.0,-0.5,0
27.0,1.0,-0.5,0
27.0,1.0,-0.5,0
27.0,1.0,-0.5,0
27.0,1.0,-0.5,0
27.0,1.0,-0.5,0
27.0,1.0,-0.5,0
27.0,1.0,-0.5,0
27.0,1.0,-0.5,0
27.0,1.0,-0.5,0
27.0,1.0,-0.5,0
27.0,1.0,-0.5,0
27.0,1.0,-0.5,0
27.0,1.0,-0.5,0
27.0,1.0,-0.5,0
27.0,1.0,-0.5,0
27.0,1.0,-0.5,0
27.0,1.0,-0.5,0
27.0,1.0,-0.5,0
27.0,1.0,-0.5,0
27.0,1.0,-0.5,0
27.0,1.0,-0.5,0
27.0,1.0,-0.5,0
27.0,1.0,-0.5,0
27.0,1.0,-0.5,0
27.0,1.0,-0.5,0
27.0,1.0,-0.5,0
27.0,1.0,-0.5,0
27.0,1.0,-0.5,0
27.0,1.0,-0.5,0
27.0,1.0,-0.5,0
27.0,1.0,-0.5,0
27.0,1.0,-0.5,0
27.0,1.0,-0.5,0
beta,leakage,utility,mask_size
27.5,1.0,-0.5,0
27.5,1.0,-0.5,0
27.5,1.0,-0.5,0
27.5,1.0,-0.5,0
27.5,1.0,-0.5,0
27.5,1.0,-0.5,0
27.5,1.0,-0.5,0
27.5,1.0,-0.5,0
27.5,1.0,-0.5,0
27.5,1.0,-0.5,0
27.5,1.0,-0.5,0
27.5,1.0,-0.5,0
27.5,1.0,-0.5,0
27.5,1.0,-0.5,0
27.5,1.0,-0.5,0
27.5,1.0,-0.5,0
27.5,1.0,-0.5,0
27.5,1.0,-0.5,0
27.5,1.0,-0.5,0
27.5,1.0,-0.5,0
27.5,1.0,-0.5,0
27.5,1.0,-0.5,0
27.5,1.0,-0.5,0
27.5,1.0,-0.5,0
27.5,1.0,-0.5,0
27.5,1.0,-0.5,0
27.5,1.0,-0.5,0
27.5,1.0,-0.5,0
27.5,1.0,-0.5,0
27.5,1.0,-0.5,0
27.5,1.0,-0.5,0
27.5,1.0,-0.5,0
27.5,1.0,-0.5,0
27.5,1.0,-0.5,0
27.5,1.0,-0.5,0
27.5,1.0,-0.5,0
27.5,1.0,-0.5,0
27.5,1.0,-0.5,0
27.5,1.0,-0.5,0
27.5,1.0,-0.5,0
27.5,1.0,-0.5,0
27.5,1.0,-0.5,0
27.5,1.0,-0.5,0
27.5,1.0,-0.5,0
27.5,1.0,-0.5,0
27.5,1.0,-0.5,0
27.5,1.0,-0.5,0
27.5,1.0,-0.5,0
27.5,1.0,-0.5,0
27.5,1.0,-0.5,0
beta,leakage,utility,mask_size
28.0,1.0,-0.5,0
28.0,1.0,-0.5,0
28.0,1.0,-0.5,0
28.0,1.0,-0.5,0
28.0,1.0,-0.5,0
28.0,1.0,-0.5,0
28.0,1.0,-0.5,0
28.0,1.0,-0.5,0
28.0,1.0,-0.5,0
28.0,1.0,-0.5,0
28.0,1.0,-0.5,0
28.0,1.0,-0.5,0
28.0,1.0,-0.5,0
28.0,1.0,-0.5,0
28.0,1.0,-0.5,0
28.0,1.0,-0.5,0
28.0,1.0,-0.5,0
28.0,1.0,-0.5,0
28.0,1.0,-0.5,0
28.0,1.0,-0.5,0
28.0,1.0,-0.5,0
28.0,1.0,-0.5,0
28.0,1.0,-0.5,0
28.0,1.0,-0.5,0
28.0,1.0,-0.5,0
28.0,1.0,-0.5,0
28.0,1.0,-0.5,0
28.0,1.0,-0.5,0
28.0,1.0,-0.5,0
28.0,1.0,-0.5,0
28.0,1.0,-0.5,0
28.0,1.0,-0.5,0
28.0,1.0,-0.5,0
28.0,1.0,-0.5,0
28.0,1.0,-0.5,0
28.0,1.0,-0.5,0
28.0,1.0,-0.5,0
28.0,1.0,-0.5,0
28.0,1.0,-0.5,0
28.0,1.0,-0.5,0
28.0,1.0,-0.5,0
28.0,1.0,-0.5,0
28.0,1.0,-0.5,0
28.0,1.0,-0.5,0
28.0,1.0,-0.5,0
28.0,1.0,-0.5,0
28.0,1.0,-0.5,0
28.0,1.0,-0.5,0
28.0,1.0,-0.5,0
28.0,1.0,-0.5,0
