timestamp,dataset,target_attribute,iter,epsilon,lam,build_time_s,delete_time_s,rss_before_build_bytes,rss_after_build_bytes,rss_delta_build_bytes,rss_before_delete_bytes,rss_after_delete_bytes,rss_delta_delete_bytes,py_peak_build_bytes,py_peak_delete_bytes,save_dir_size_bytes
2025-12-29T11:58:17,airport,latitude_deg,1,50.0,0.5,1.548962,0.000348,87769088,99221504,11452416,99221504,99221504,0,14969358,1774,969548
2025-12-29T11:58:18,airport,latitude_deg,2,50.0,0.5,1.531131,0.000323,99221504,103825408,4603904,102776832,102776832,0,14894950,1750,969548
2025-12-29T11:58:20,airport,latitude_deg,3,50.0,0.5,1.519380,0.000308,102776832,105496576,2719744,104448000,104448000,0,14894942,1750,969548
2025-12-29T11:58:21,airport,latitude_deg,4,50.0,0.5,1.521865,0.000325,103399424,107839488,4440064,106790912,106807296,16384,14894934,1750,969548
2025-12-29T11:58:23,airport,latitude_deg,5,50.0,0.5,1.534987,0.000328,105758720,111198208,5439488,110166016,110182400,16384,14894926,1750,969548
2025-12-29T11:58:25,airport,latitude_deg,6,50.0,0.5,1.531729,0.000303,109133824,114049024,4915200,113000448,113000448,0,14894918,1750,969548
2025-12-29T11:58:26,airport,latitude_deg,7,50.0,0.5,1.531853,0.000306,111951872,115195904,3244032,114147328,114147328,0,14894902,1750,969548
2025-12-29T11:58:28,airport,latitude_deg,8,50.0,0.5,1.544636,0.000376,113098752,115720192,2621440,114671616,114671616,0,14894894,1750,969548
2025-12-29T11:58:29,airport,latitude_deg,9,50.0,0.5,1.543211,0.000305,113623040,115785728,2162688,114737152,114737152,0,14894886,1750,969548
2025-12-29T11:58:31,airport,latitude_deg,10,50.0,0.5,1.557903,0.000313,113688576,115834880,2146304,114786304,114786304,0,14894878,1750,969548
2025-12-29T11:58:32,airport,latitude_deg,11,50.0,0.5,1.539553,0.000311,113737728,116457472,2719744,115408896,115408896,0,14894870,1750,969548
2025-12-29T11:58:34,airport,latitude_deg,12,50.0,0.5,1.518429,0.000342,114360320,116457472,2097152,115408896,115408896,0,14894862,1750,969548
2025-12-29T11:58:35,airport,latitude_deg,13,50.0,0.5,1.553494,0.000336,114360320,117686272,3325952,116637696,116637696,0,14894854,1750,969548
2025-12-29T11:58:37,airport,latitude_deg,14,50.0,0.5,1.546442,0.000297,115589120,119586816,3997696,118538240,118538240,0,14894846,1750,969548
2025-12-29T11:58:39,airport,latitude_deg,15,50.0,0.5,1.529165,0.000276,117489664,119619584,2129920,118571008,118571008,0,14894830,1750,969548
2025-12-29T11:58:40,airport,latitude_deg,16,50.0,0.5,1.564397,0.000290,117522432,119619584,2097152,118571008,118571008,0,14894822,1750,969548
2025-12-29T11:58:42,airport,latitude_deg,17,50.0,0.5,1.533393,0.000320,117522432,120242176,2719744,119193600,119193600,0,14894814,1750,969548
2025-12-29T11:58:43,airport,latitude_deg,18,50.0,0.5,1.528093,0.000301,118145024,120258560,2113536,119209984,119209984,0,14894806,1750,969548
2025-12-29T11:58:45,airport,latitude_deg,19,50.0,0.5,1.536599,0.000369,118161408,106479616,-11681792,100057088,100057088,0,14894798,1750,969548
2025-12-29T11:58:46,airport,latitude_deg,20,50.0,0.5,1.543484,0.000340,99008512,102678528,3670016,101646336,101662720,16384,14894790,1750,969548
2025-12-29T11:58:48,airport,latitude_deg,21,50.0,0.5,1.535477,0.000387,100614144,103972864,3358720,102924288,102957056,32768,14894782,1750,969548
2025-12-29T11:58:50,airport,latitude_deg,22,50.0,0.5,1.532698,0.000284,101924864,106643456,4718592,105594880,105594880,0,14894782,1750,969548
2025-12-29T11:58:51,airport,latitude_deg,23,50.0,0.5,1.526397,0.000322,104546304,107495424,2949120,106446848,106446848,0,14894782,1750,969548
2025-12-29T11:58:53,airport,latitude_deg,24,50.0,0.5,1.531412,0.000320,105398272,108118016,2719744,107069440,107069440,0,14894782,1750,969548
2025-12-29T11:58:54,airport,latitude_deg,25,50.0,0.5,1.534887,0.000288,106020864,108675072,2654208,107626496,107626496,0,14894782,1750,969548
2025-12-29T11:58:56,airport,latitude_deg,26,50.0,0.5,1.538064,0.000297,106577920,110133248,3555328,109084672,109084672,0,14894782,1750,969548
2025-12-29T11:58:57,airport,latitude_deg,27,50.0,0.5,1.541930,0.000294,108036096,110133248,2097152,109084672,109084672,0,14894782,1750,969548
2025-12-29T11:58:59,airport,latitude_deg,28,50.0,0.5,1.529877,0.000331,108036096,109527040,1490944,108478464,108478464,0,14894782,1750,969548
2025-12-29T11:59:00,airport,latitude_deg,29,50.0,0.5,1.530507,0.000317,107429888,110788608,3358720,109756416,109756416,0,14894782,1750,969548
2025-12-29T11:59:02,airport,latitude_deg,30,50.0,0.5,1.537357,0.000316,108707840,110804992,2097152,109756416,109756416,0,14894782,1750,969548
2025-12-29T11:59:04,airport,latitude_deg,31,50.0,0.5,1.529773,0.000445,108707840,110182400,1474560,109133824,109133824,0,14894782,1750,969548
2025-12-29T11:59:05,airport,latitude_deg,32,50.0,0.5,1.525522,0.000307,108085248,110182400,2097152,109133824,109133824,0,14894782,1750,969548
2025-12-29T11:59:07,airport,latitude_deg,33,50.0,0.5,1.528134,0.000366,108085248,112033792,3948544,110985216,110985216,0,14894782,1750,969548
2025-12-29T11:59:08,airport,latitude_deg,34,50.0,0.5,1.525087,0.000324,109936640,112410624,2473984,111362048,111362048,0,14894782,1750,969548
2025-12-29T11:59:10,airport,latitude_deg,35,50.0,0.5,1.523893,0.000341,110313472,112574464,2260992,111525888,111525888,0,14894782,1750,969548
2025-12-29T11:59:11,airport,latitude_deg,36,50.0,0.5,1.529945,0.000312,110477312,114016256,3538944,112967680,112967680,0,14894782,1750,969548
2025-12-29T11:59:13,airport,latitude_deg,37,50.0,0.5,1.514254,0.000313,111919104,114638848,2719744,113590272,113590272,0,14894782,1750,969548
2025-12-29T11:59:14,airport,latitude_deg,38,50.0,0.5,1.544768,0.000313,112541696,114638848,2097152,113590272,113590272,0,14894782,1750,969548
2025-12-29T11:59:16,airport,latitude_deg,39,50.0,0.5,1.528156,0.000311,112541696,114638848,2097152,113590272,113590272,0,14894782,1750,969548
2025-12-29T11:59:17,airport,latitude_deg,40,50.0,0.5,1.513728,0.000338,112541696,114638848,2097152,113590272,113590272,0,14894782,1750,969548
2025-12-29T11:59:19,airport,latitude_deg,41,50.0,0.5,1.524631,0.000335,112541696,114671616,2129920,113623040,113623040,0,14894782,1750,969548
2025-12-29T11:59:21,airport,latitude_deg,42,50.0,0.5,1.526107,0.000338,112574464,113688576,1114112,112640000,112640000,0,14894782,1750,969548
2025-12-29T11:59:22,airport,latitude_deg,43,50.0,0.5,1.527540,0.000292,111591424,113836032,2244608,112787456,112787456,0,14894782,1750,969548
2025-12-29T11:59:24,airport,latitude_deg,44,50.0,0.5,1.520665,0.000333,111738880,114180096,2441216,113131520,113131520,0,14894782,1750,969548
2025-12-29T11:59:25,airport,latitude_deg,45,50.0,0.5,1.536229,0.000425,112082944,114507776,2424832,113459200,113459200,0,14894782,1750,969548
2025-12-29T11:59:27,airport,latitude_deg,46,50.0,0.5,1.541762,0.000333,112410624,108527616,-3883008,107479040,107479040,0,14894782,1750,969548
2025-12-29T11:59:28,airport,latitude_deg,47,50.0,0.5,1.530941,0.000334,106430464,107675648,1245184,106627072,106627072,0,14894782,1750,969548
2025-12-29T11:59:30,airport,latitude_deg,48,50.0,0.5,1.534311,0.000317,105578496,109084672,3506176,108036096,108036096,0,14894782,1750,969548
2025-12-29T11:59:31,airport,latitude_deg,49,50.0,0.5,1.536064,0.000309,106987520,109281280,2293760,108232704,108232704,0,14894782,1750,969548
2025-12-29T11:59:33,airport,latitude_deg,50,50.0,0.5,1.516420,0.000313,107184128,109314048,2129920,108265472,108265472,0,14894782,1750,969548
2025-12-29T11:59:35,airport,latitude_deg,51,50.0,0.5,1.530319,0.000316,107216896,110116864,2899968,109068288,109068288,0,14894782,1750,969548
2025-12-29T11:59:36,airport,latitude_deg,52,50.0,0.5,1.532680,0.000346,108019712,110460928,2441216,109412352,109412352,0,14894782,1750,969548
2025-12-29T11:59:38,airport,latitude_deg,53,50.0,0.5,1.537676,0.000345,108380160,112558080,4177920,111509504,111509504,0,14894782,1750,969548
2025-12-29T11:59:39,airport,latitude_deg,54,50.0,0.5,1.534197,0.000334,110460928,110149632,-311296,109101056,109101056,0,14894782,1750,969548
2025-12-29T11:59:41,airport,latitude_deg,55,50.0,0.5,1.528624,0.000308,108052480,111296512,3244032,110247936,110247936,0,14894782,1750,969548
2025-12-29T11:59:42,airport,latitude_deg,56,50.0,0.5,1.526565,0.000327,109199360,111329280,2129920,110280704,110280704,0,14894782,1750,969548
2025-12-29T11:59:44,airport,latitude_deg,57,50.0,0.5,1.523328,0.000302,109232128,111558656,2326528,110510080,110510080,0,14894782,1750,969548
2025-12-29T11:59:45,airport,latitude_deg,58,50.0,0.5,1.524579,0.000347,109461504,111558656,2097152,110510080,110510080,0,14894782,1750,969548
2025-12-29T11:59:47,airport,latitude_deg,59,50.0,0.5,1.526156,0.000286,109461504,112115712,2654208,111067136,111067136,0,14894782,1750,969548
2025-12-29T11:59:48,airport,latitude_deg,60,50.0,0.5,1.526937,0.000326,110018560,112132096,2113536,111083520,111083520,0,14894782,1750,969548
2025-12-29T11:59:50,airport,latitude_deg,61,50.0,0.5,1.523493,0.000317,110034944,112312320,2277376,111263744,111263744,0,14894782,1750,969548
2025-12-29T11:59:52,airport,latitude_deg,62,50.0,0.5,1.527526,0.000305,110215168,113360896,3145728,112312320,112312320,0,14894782,1750,969548
2025-12-29T11:59:53,airport,latitude_deg,63,50.0,0.5,1.536063,0.000323,111263744,113360896,2097152,112312320,112312320,0,14894782,1750,969548
2025-12-29T11:59:55,airport,latitude_deg,64,50.0,0.5,1.540802,0.000328,111263744,113623040,2359296,112574464,112574464,0,14894782,1750,969548
2025-12-29T11:59:56,airport,latitude_deg,65,50.0,0.5,1.548083,0.000335,111525888,113623040,2097152,112574464,112574464,0,14894782,1750,969548
2025-12-29T11:59:58,airport,latitude_deg,66,50.0,0.5,1.545010,0.000316,111525888,114245632,2719744,113197056,113197056,0,14894782,1750,969548
2025-12-29T11:59:59,airport,latitude_deg,67,50.0,0.5,1.544402,0.000322,112148480,114245632,2097152,113197056,113197056,0,14894782,1750,969548
2025-12-29T12:00:01,airport,latitude_deg,68,50.0,0.5,1.537125,0.000345,112148480,114311168,2162688,113262592,113262592,0,14894782,1750,969548
2025-12-29T12:00:03,airport,latitude_deg,69,50.0,0.5,1.536931,0.000290,112214016,114343936,2129920,113295360,113295360,0,14894782,1750,969548
2025-12-29T12:00:04,airport,latitude_deg,70,50.0,0.5,1.527810,0.000297,112246784,114327552,2080768,113278976,113278976,0,14894782,1750,969548
2025-12-29T12:00:06,airport,latitude_deg,71,50.0,0.5,1.529024,0.000317,112230400,114966528,2736128,113917952,113917952,0,14894782,1750,969548
2025-12-29T12:00:07,airport,latitude_deg,72,50.0,0.5,1.516827,0.000343,112869376,115458048,2588672,114409472,114409472,0,14894782,1750,969548
2025-12-29T12:00:09,airport,latitude_deg,73,50.0,0.5,1.524453,0.000294,113360896,115474432,2113536,114425856,114425856,0,14894782,1750,969548
2025-12-29T12:00:10,airport,latitude_deg,74,50.0,0.5,1.537758,0.000295,113377280,115490816,2113536,114442240,114442240,0,14894782,1750,969548
2025-12-29T12:00:12,airport,latitude_deg,75,50.0,0.5,1.525515,0.000349,113393664,115490816,2097152,114442240,114442240,0,14894782,1750,969548
2025-12-29T12:00:13,airport,latitude_deg,76,50.0,0.5,1.522412,0.000309,113393664,116703232,3309568,115654656,115654656,0,14894782,1750,969548
2025-12-29T12:00:15,airport,latitude_deg,77,50.0,0.5,1.522818,0.000325,114606080,117342208,2736128,116293632,116293632,0,14894782,1750,969548
2025-12-29T12:00:16,airport,latitude_deg,78,50.0,0.5,1.525095,0.000309,115245056,117342208,2097152,116293632,116293632,0,14894782,1750,969548
2025-12-29T12:00:18,airport,latitude_deg,79,50.0,0.5,1.524916,0.000311,115245056,117342208,2097152,116293632,116293632,0,14894782,1750,969548
2025-12-29T12:00:20,airport,latitude_deg,80,50.0,0.5,1.535024,0.000327,115245056,117342208,2097152,116293632,116293632,0,14894782,1750,969548
2025-12-29T12:00:21,airport,latitude_deg,81,50.0,0.5,1.525890,0.000298,115245056,117358592,2113536,116310016,116310016,0,14894782,1750,969548
2025-12-29T12:00:23,airport,latitude_deg,82,50.0,0.5,1.531541,0.000285,115261440,117391360,2129920,116342784,116342784,0,14894782,1750,969548
2025-12-29T12:00:24,airport,latitude_deg,83,50.0,0.5,1.532282,0.000283,115294208,117424128,2129920,116375552,116375552,0,14894782,1750,969548
2025-12-29T12:00:26,airport,latitude_deg,84,50.0,0.5,1.530661,0.000285,115326976,119177216,3850240,118128640,118128640,0,14894782,1750,969548
2025-12-29T12:00:27,airport,latitude_deg,85,50.0,0.5,1.526166,0.000291,117080064,118603776,1523712,117555200,117555200,0,14894782,1750,969548
2025-12-29T12:00:29,airport,latitude_deg,86,50.0,0.5,1.537230,0.000276,116506624,119209984,2703360,118161408,118161408,0,14894782,1750,969548
2025-12-29T12:00:30,airport,latitude_deg,87,50.0,0.5,1.524968,0.000317,117112832,119193600,2080768,118145024,118145024,0,14894782,1750,969548
2025-12-29T12:00:32,airport,latitude_deg,88,50.0,0.5,1.530708,0.000319,117096448,119193600,2097152,118145024,118145024,0,14894782,1750,969548
2025-12-29T12:00:34,airport,latitude_deg,89,50.0,0.5,1.527385,0.000308,117096448,119209984,2113536,118161408,118161408,0,14894782,1750,969548
2025-12-29T12:00:35,airport,latitude_deg,90,50.0,0.5,1.528972,0.000308,117112832,119750656,2637824,118702080,118702080,0,14894782,1750,969548
2025-12-29T12:00:37,airport,latitude_deg,91,50.0,0.5,1.527305,0.000342,117653504,119750656,2097152,118702080,118702080,0,14894782,1750,969548
2025-12-29T12:00:38,airport,latitude_deg,92,50.0,0.5,1.535467,0.000311,117653504,119750656,2097152,118702080,118702080,0,14894782,1750,969548
2025-12-29T12:00:40,airport,latitude_deg,93,50.0,0.5,1.524436,0.000313,117653504,119750656,2097152,118702080,118702080,0,14894782,1750,969548
2025-12-29T12:00:41,airport,latitude_deg,94,50.0,0.5,1.531364,0.000279,117653504,117080064,-573440,116031488,116031488,0,14894782,1750,969548
2025-12-29T12:00:43,airport,latitude_deg,95,50.0,0.5,1.524184,0.000285,114982912,117080064,2097152,116031488,116031488,0,14894782,1750,969548
2025-12-29T12:00:44,airport,latitude_deg,96,50.0,0.5,1.540844,0.000323,114982912,117080064,2097152,116031488,116031488,0,14894782,1750,969548
2025-12-29T12:00:46,airport,latitude_deg,97,50.0,0.5,1.536701,0.000365,114982912,116391936,1409024,115326976,115326976,0,14894782,1750,969548
2025-12-29T12:00:48,airport,latitude_deg,98,50.0,0.5,1.539659,0.000371,114278400,113590272,-688128,112541696,112541696,0,14894782,1750,969548
2025-12-29T12:00:49,airport,latitude_deg,99,50.0,0.5,1.533636,0.000323,111493120,111083520,-409600,110034944,110034944,0,14894782,1750,969548
2025-12-29T12:00:51,airport,latitude_deg,100,50.0,0.5,1.527754,0.000320,108986368,111083520,2097152,110034944,110034944,0,14894782,1750,969548
2025-12-29T12:00:51,hospital,zip,1,50.0,0.5,0.002976,0.000254,108986368,109150208,163840,108740608,108740608,0,56254,1718,2088
2025-12-29T12:00:51,hospital,zip,2,50.0,0.5,0.001616,0.000251,108740608,108740608,0,108740608,108740608,0,45945,1718,2088
2025-12-29T12:00:51,hospital,zip,3,50.0,0.5,0.001610,0.000250,108740608,108740608,0,108740608,108740608,0,45945,1718,2088
2025-12-29T12:00:51,hospital,zip,4,50.0,0.5,0.001654,0.000244,108740608,108740608,0,108740608,108740608,0,45945,1718,2088
2025-12-29T12:00:51,hospital,zip,5,50.0,0.5,0.001607,0.000276,108740608,108740608,0,108740608,108740608,0,45945,1718,2088
2025-12-29T12:00:51,hospital,zip,6,50.0,0.5,0.001675,0.000295,108740608,108740608,0,108740608,108740608,0,45945,1718,2088
2025-12-29T12:00:51,hospital,zip,7,50.0,0.5,0.001695,0.000273,108740608,108740608,0,108740608,108740608,0,45945,1718,2088
2025-12-29T12:00:51,hospital,zip,8,50.0,0.5,0.001644,0.000274,108740608,108740608,0,108740608,108740608,0,45945,1718,2088
2025-12-29T12:00:51,hospital,zip,9,50.0,0.5,0.001689,0.000268,108740608,108740608,0,108740608,108740608,0,45945,1718,2088
2025-12-29T12:00:51,hospital,zip,10,50.0,0.5,0.001678,0.000281,108740608,108740608,0,108740608,108740608,0,45945,1718,2088
2025-12-29T12:00:51,hospital,zip,11,50.0,0.5,0.001651,0.000280,108740608,108740608,0,108740608,108740608,0,45945,1718,2088
2025-12-29T12:00:51,hospital,zip,12,50.0,0.5,0.001656,0.000269,108740608,108740608,0,108740608,108740608,0,45945,1718,2088
2025-12-29T12:00:51,hospital,zip,13,50.0,0.5,0.001665,0.000311,108740608,108740608,0,108740608,108740608,0,45945,1718,2088
2025-12-29T12:00:51,hospital,zip,14,50.0,0.5,0.002069,0.000442,108740608,108740608,0,108740608,108740608,0,45945,1718,2088
2025-12-29T12:00:51,hospital,zip,15,50.0,0.5,0.001840,0.000366,108740608,108740608,0,108740608,108740608,0,45945,1718,2088
2025-12-29T12:00:51,hospital,zip,16,50.0,0.5,0.001933,0.000348,108740608,108740608,0,108740608,108740608,0,45945,1718,2088
2025-12-29T12:00:51,hospital,zip,17,50.0,0.5,0.001812,0.000323,108740608,108740608,0,108740608,108740608,0,45945,1718,2088
2025-12-29T12:00:51,hospital,zip,18,50.0,0.5,0.001733,0.000296,108740608,108740608,0,108740608,108740608,0,45945,1718,2088
2025-12-29T12:00:51,hospital,zip,19,50.0,0.5,0.001658,0.000282,108740608,108740608,0,108740608,108740608,0,45945,1718,2088
2025-12-29T12:00:51,hospital,zip,20,50.0,0.5,0.001688,0.000285,108740608,108740608,0,108740608,108740608,0,45945,1718,2088
2025-12-29T12:00:51,hospital,zip,21,50.0,0.5,0.001700,0.000280,108740608,108740608,0,108740608,108740608,0,45945,1718,2088
2025-12-29T12:00:51,hospital,zip,22,50.0,0.5,0.001666,0.000278,108740608,108740608,0,108740608,108740608,0,45945,1718,2088
2025-12-29T12:00:51,hospital,zip,23,50.0,0.5,0.001666,0.000507,108740608,108740608,0,108740608,108740608,0,45945,1718,2088
2025-12-29T12:00:51,hospital,zip,24,50.0,0.5,0.001954,0.000433,108740608,108740608,0,108740608,108740608,0,45945,1718,2088
2025-12-29T12:00:51,hospital,zip,25,50.0,0.5,0.001828,0.000370,108740608,108740608,0,108740608,108740608,0,45945,1718,2088
2025-12-29T12:00:51,hospital,zip,26,50.0,0.5,0.001819,0.000361,108740608,108740608,0,108740608,108740608,0,45945,1718,2088
2025-12-29T12:00:51,hospital,zip,27,50.0,0.5,0.001759,0.000317,108740608,108740608,0,108740608,108740608,0,45945,1718,2088
2025-12-29T12:00:51,hospital,zip,28,50.0,0.5,0.001718,0.000329,108740608,108740608,0,108740608,108740608,0,45945,1718,2088
2025-12-29T12:00:51,hospital,zip,29,50.0,0.5,0.001742,0.000295,108740608,108740608,0,108740608,108740608,0,45945,1718,2088
2025-12-29T12:00:51,hospital,zip,30,50.0,0.5,0.001716,0.000288,108740608,108740608,0,108740608,108740608,0,45945,1718,2088
2025-12-29T12:00:51,hospital,zip,31,50.0,0.5,0.001669,0.000298,108740608,108740608,0,108740608,108740608,0,45945,1718,2088
2025-12-29T12:00:51,hospital,zip,32,50.0,0.5,0.001672,0.000283,108740608,108740608,0,108740608,108740608,0,45945,1718,2088
2025-12-29T12:00:51,hospital,zip,33,50.0,0.5,0.001667,0.000405,108740608,108740608,0,108740608,108740608,0,45945,1718,2088
2025-12-29T12:00:51,hospital,zip,34,50.0,0.5,0.002040,0.000314,108740608,108740608,0,108740608,108740608,0,45945,1718,2088
2025-12-29T12:00:51,hospital,zip,35,50.0,0.5,0.001881,0.000371,108740608,108740608,0,108740608,108740608,0,45945,1718,2088
2025-12-29T12:00:51,hospital,zip,36,50.0,0.5,0.001876,0.000360,108740608,108740608,0,108740608,108740608,0,45945,1718,2088
2025-12-29T12:00:51,hospital,zip,37,50.0,0.5,0.001787,0.000350,108740608,108740608,0,108740608,108740608,0,45945,1718,2088
2025-12-29T12:00:51,hospital,zip,38,50.0,0.5,0.001704,0.000302,108740608,108740608,0,108740608,108740608,0,45945,1718,2088
2025-12-29T12:00:51,hospital,zip,39,50.0,0.5,0.001681,0.000283,108740608,108740608,0,108740608,108740608,0,45945,1718,2088
2025-12-29T12:00:51,hospital,zip,40,50.0,0.5,0.001714,0.000285,108740608,108740608,0,108740608,108740608,0,45945,1718,2088
2025-12-29T12:00:52,hospital,zip,41,50.0,0.5,0.001923,0.000313,108740608,108740608,0,108740608,108740608,0,45945,1718,2088
2025-12-29T12:00:52,hospital,zip,42,50.0,0.5,0.001921,0.000336,108740608,108740608,0,108740608,108740608,0,45945,1718,2088
2025-12-29T12:00:52,hospital,zip,43,50.0,0.5,0.001662,0.000456,108740608,108740608,0,108740608,108740608,0,45945,1718,2088
2025-12-29T12:00:52,hospital,zip,44,50.0,0.5,0.002411,0.000348,108740608,108740608,0,108740608,108740608,0,45945,1718,2088
2025-12-29T12:00:52,hospital,zip,45,50.0,0.5,0.002061,0.000332,108740608,108740608,0,108740608,108740608,0,45945,1718,2088
2025-12-29T12:00:52,hospital,zip,46,50.0,0.5,0.001820,0.000447,108740608,108740608,0,108740608,108740608,0,45945,1718,2088
2025-12-29T12:00:52,hospital,zip,47,50.0,0.5,0.002068,0.000298,108740608,108740608,0,108740608,108740608,0,45945,1718,2088
2025-12-29T12:00:52,hospital,zip,48,50.0,0.5,0.001734,0.000300,108740608,108740608,0,108740608,108740608,0,45945,1718,2088
2025-12-29T12:00:52,hospital,zip,49,50.0,0.5,0.001677,0.000288,108740608,108740608,0,108740608,108740608,0,45945,1718,2088
2025-12-29T12:00:52,hospital,zip,50,50.0,0.5,0.001664,0.000277,108740608,108740608,0,108740608,108740608,0,45945,1718,2088
2025-12-29T12:00:52,hospital,zip,51,50.0,0.5,0.001643,0.000298,108740608,108740608,0,108740608,108740608,0,45945,1718,2088
2025-12-29T12:00:52,hospital,zip,52,50.0,0.5,0.001680,0.000289,108740608,108740608,0,108740608,108740608,0,45945,1718,2088
2025-12-29T12:00:52,hospital,zip,53,50.0,0.5,0.001677,0.000340,108740608,108740608,0,108740608,108740608,0,45945,1718,2088
2025-12-29T12:00:52,hospital,zip,54,50.0,0.5,0.001869,0.000337,108740608,108740608,0,108740608,108740608,0,45945,1718,2088
2025-12-29T12:00:52,hospital,zip,55,50.0,0.5,0.001966,0.000391,108740608,108740608,0,108740608,108740608,0,45945,1718,2088
2025-12-29T12:00:52,hospital,zip,56,50.0,0.5,0.002113,0.000379,108740608,108740608,0,108740608,108740608,0,45945,1718,2088
2025-12-29T12:00:52,hospital,zip,57,50.0,0.5,0.001824,0.000355,108740608,108740608,0,108740608,108740608,0,45945,1718,2088
2025-12-29T12:00:52,hospital,zip,58,50.0,0.5,0.001682,0.000294,108740608,108740608,0,108740608,108740608,0,45945,1718,2088
2025-12-29T12:00:52,hospital,zip,59,50.0,0.5,0.001646,0.000278,108740608,108740608,0,108740608,108740608,0,45945,1718,2088
2025-12-29T12:00:52,hospital,zip,60,50.0,0.5,0.001659,0.000283,108740608,108740608,0,108740608,108740608,0,45945,1718,2088
2025-12-29T12:00:52,hospital,zip,61,50.0,0.5,0.001650,0.000273,108740608,108740608,0,108740608,108740608,0,45945,1718,2088
2025-12-29T12:00:52,hospital,zip,62,50.0,0.5,0.001625,0.000260,108740608,108740608,0,108740608,108740608,0,45945,1718,2088
2025-12-29T12:00:52,hospital,zip,63,50.0,0.5,0.001628,0.000289,108740608,108740608,0,108740608,108740608,0,45945,1718,2088
2025-12-29T12:00:52,hospital,zip,64,50.0,0.5,0.001857,0.000387,108740608,108740608,0,108740608,108740608,0,45945,1718,2088
2025-12-29T12:00:52,hospital,zip,65,50.0,0.5,0.001771,0.000357,108740608,108740608,0,108740608,108740608,0,45945,1718,2088
2025-12-29T12:00:52,hospital,zip,66,50.0,0.5,0.001810,0.000336,108740608,108740608,0,108740608,108740608,0,45945,1718,2088
2025-12-29T12:00:52,hospital,zip,67,50.0,0.5,0.001795,0.000316,108740608,108740608,0,108740608,108740608,0,45945,1718,2088
2025-12-29T12:00:52,hospital,zip,68,50.0,0.5,0.001711,0.000290,108740608,108740608,0,108740608,108740608,0,45945,1718,2088
2025-12-29T12:00:52,hospital,zip,69,50.0,0.5,0.001665,0.000282,108740608,108740608,0,108740608,108740608,0,45945,1718,2088
2025-12-29T12:00:52,hospital,zip,70,50.0,0.5,0.001674,0.000284,108740608,108740608,0,108740608,108740608,0,45945,1718,2088
2025-12-29T12:00:52,hospital,zip,71,50.0,0.5,0.001655,0.000270,108740608,108740608,0,108740608,108740608,0,45945,1718,2088
2025-12-29T12:00:52,hospital,zip,72,50.0,0.5,0.001597,0.000287,108740608,108740608,0,108740608,108740608,0,45945,1718,2088
2025-12-29T12:00:52,hospital,zip,73,50.0,0.5,0.001680,0.000355,108740608,108740608,0,108740608,108740608,0,45945,1718,2088
2025-12-29T12:00:52,hospital,zip,74,50.0,0.5,0.001825,0.000316,108740608,108740608,0,108740608,108740608,0,45945,1718,2088
2025-12-29T12:00:52,hospital,zip,75,50.0,0.5,0.001833,0.000323,108740608,108740608,0,108740608,108740608,0,45945,1718,2088
2025-12-29T12:00:52,hospital,zip,76,50.0,0.5,0.001762,0.000328,108740608,108740608,0,108740608,108740608,0,45945,1718,2088
2025-12-29T12:00:52,hospital,zip,77,50.0,0.5,0.001748,0.000291,108740608,108740608,0,108740608,108740608,0,45945,1718,2088
2025-12-29T12:00:52,hospital,zip,78,50.0,0.5,0.001683,0.000289,108740608,108740608,0,108740608,108740608,0,45945,1718,2088
2025-12-29T12:00:52,hospital,zip,79,50.0,0.5,0.001712,0.000284,108740608,108740608,0,108740608,108740608,0,45945,1718,2088
2025-12-29T12:00:52,hospital,zip,80,50.0,0.5,0.001674,0.000298,108740608,108740608,0,108740608,108740608,0,45945,1718,2088
2025-12-29T12:00:52,hospital,zip,81,50.0,0.5,0.001650,0.000296,108740608,108740608,0,108740608,108740608,0,45945,1718,2088
2025-12-29T12:00:52,hospital,zip,82,50.0,0.5,0.001888,0.000289,108740608,108740608,0,108740608,108740608,0,45945,1718,2088
2025-12-29T12:00:52,hospital,zip,83,50.0,0.5,0.001630,0.000302,108740608,108740608,0,108740608,108740608,0,45945,1718,2088
2025-12-29T12:00:52,hospital,zip,84,50.0,0.5,0.001735,0.000316,108740608,108740608,0,108740608,108740608,0,45945,1718,2088
2025-12-29T12:00:52,hospital,zip,85,50.0,0.5,0.001821,0.000419,108740608,108740608,0,108740608,108740608,0,45945,1718,2088
2025-12-29T12:00:52,hospital,zip,86,50.0,0.5,0.001862,0.000336,108740608,108740608,0,108740608,108740608,0,45945,1718,2088
2025-12-29T12:00:53,hospital,zip,87,50.0,0.5,0.001825,0.000303,108740608,108740608,0,108740608,108740608,0,45945,1718,2088
2025-12-29T12:00:53,hospital,zip,88,50.0,0.5,0.001701,0.000275,108740608,108740608,0,108740608,108740608,0,45945,1718,2088
2025-12-29T12:00:53,hospital,zip,89,50.0,0.5,0.001675,0.000265,108740608,108740608,0,108740608,108740608,0,45945,1718,2088
2025-12-29T12:00:53,hospital,zip,90,50.0,0.5,0.001645,0.000291,108740608,108740608,0,108740608,108740608,0,45945,1718,2088
2025-12-29T12:00:53,hospital,zip,91,50.0,0.5,0.001638,0.000300,108740608,108740608,0,108740608,108740608,0,45945,1718,2088
2025-12-29T12:00:53,hospital,zip,92,50.0,0.5,0.001686,0.000292,108740608,108740608,0,108740608,108740608,0,45945,1718,2088
2025-12-29T12:00:53,hospital,zip,93,50.0,0.5,0.001661,0.000291,108740608,108740608,0,108740608,108740608,0,45945,1718,2088
2025-12-29T12:00:53,hospital,zip,94,50.0,0.5,0.001841,0.000376,108740608,108740608,0,108740608,108740608,0,45945,1718,2088
2025-12-29T12:00:53,hospital,zip,95,50.0,0.5,0.001900,0.000375,108740608,108740608,0,108740608,108740608,0,45945,1718,2088
2025-12-29T12:00:53,hospital,zip,96,50.0,0.5,0.002027,0.000331,108740608,108740608,0,108740608,108740608,0,45945,1718,2088
2025-12-29T12:00:53,hospital,zip,97,50.0,0.5,0.001783,0.000349,108740608,108740608,0,108740608,108740608,0,45945,1718,2088
2025-12-29T12:00:53,hospital,zip,98,50.0,0.5,0.001809,0.000382,108740608,108740608,0,108740608,108740608,0,45945,1718,2088
2025-12-29T12:00:53,hospital,zip,99,50.0,0.5,0.001631,0.000290,108740608,108740608,0,108740608,108740608,0,45945,1718,2088
2025-12-29T12:00:53,hospital,zip,100,50.0,0.5,0.001704,0.000295,108740608,108740608,0,108740608,108740608,0,45945,1718,2088
2025-12-29T12:00:53,ncvoter,zip,1,50.0,0.5,0.002652,0.000303,108740608,108904448,163840,108904448,108904448,0,54775,1714,1815
2025-12-29T12:00:53,ncvoter,zip,2,50.0,0.5,0.001586,0.000284,108904448,108904448,0,108904448,108904448,0,44515,1714,1815
2025-12-29T12:00:53,ncvoter,zip,3,50.0,0.5,0.001627,0.000350,108904448,108904448,0,108904448,108904448,0,44515,1714,1815
2025-12-29T12:00:53,ncvoter,zip,4,50.0,0.5,0.001722,0.000338,108904448,108904448,0,108904448,108904448,0,44515,1714,1815
2025-12-29T12:00:53,ncvoter,zip,5,50.0,0.5,0.001814,0.000370,108904448,108904448,0,108904448,108904448,0,44515,1714,1815
2025-12-29T12:00:53,ncvoter,zip,6,50.0,0.5,0.001737,0.000346,108904448,108904448,0,108904448,108904448,0,44515,1714,1815
2025-12-29T12:00:53,ncvoter,zip,7,50.0,0.5,0.001641,0.000297,108904448,108904448,0,108904448,108904448,0,44515,1714,1815
2025-12-29T12:00:53,ncvoter,zip,8,50.0,0.5,0.001657,0.000280,108904448,108904448,0,108904448,108904448,0,44515,1714,1815
2025-12-29T12:00:53,ncvoter,zip,9,50.0,0.5,0.001608,0.000325,108904448,108904448,0,108904448,108904448,0,44515,1714,1815
2025-12-29T12:00:53,ncvoter,zip,10,50.0,0.5,0.001590,0.000281,108904448,108904448,0,108904448,108904448,0,44515,1714,1815
2025-12-29T12:00:53,ncvoter,zip,11,50.0,0.5,0.001555,0.000296,108904448,108904448,0,108904448,108904448,0,44515,1714,1815
2025-12-29T12:00:53,ncvoter,zip,12,50.0,0.5,0.001598,0.000292,108904448,108904448,0,108904448,108904448,0,44515,1714,1815
2025-12-29T12:00:53,ncvoter,zip,13,50.0,0.5,0.001563,0.000426,108904448,108904448,0,108904448,108904448,0,44515,1714,1815
2025-12-29T12:00:53,ncvoter,zip,14,50.0,0.5,0.001728,0.000312,108904448,108904448,0,108904448,108904448,0,44515,1714,1815
2025-12-29T12:00:53,ncvoter,zip,15,50.0,0.5,0.001693,0.000311,108904448,108904448,0,108904448,108904448,0,44515,1714,1815
2025-12-29T12:00:53,ncvoter,zip,16,50.0,0.5,0.001665,0.000406,108904448,108904448,0,108904448,108904448,0,44515,1714,1815
2025-12-29T12:00:53,ncvoter,zip,17,50.0,0.5,0.001780,0.000318,108904448,108904448,0,108904448,108904448,0,44515,1714,1815
2025-12-29T12:00:53,ncvoter,zip,18,50.0,0.5,0.001680,0.000328,108904448,108904448,0,108904448,108904448,0,44515,1714,1815
2025-12-29T12:00:53,ncvoter,zip,19,50.0,0.5,0.001608,0.000289,108904448,108904448,0,108904448,108904448,0,44515,1714,1815
2025-12-29T12:00:53,ncvoter,zip,20,50.0,0.5,0.001547,0.000302,108904448,108904448,0,108904448,108904448,0,44515,1714,1815
2025-12-29T12:00:53,ncvoter,zip,21,50.0,0.5,0.001587,0.000291,108904448,108904448,0,108904448,108904448,0,44515,1714,1815
2025-12-29T12:00:53,ncvoter,zip,22,50.0,0.5,0.001550,0.000289,108904448,108904448,0,108904448,108904448,0,44515,1714,1815
2025-12-29T12:00:53,ncvoter,zip,23,50.0,0.5,0.001559,0.000409,108904448,108904448,0,108904448,108904448,0,44515,1714,1815
2025-12-29T12:00:53,ncvoter,zip,24,50.0,0.5,0.001927,0.000263,108904448,108904448,0,108904448,108904448,0,44515,1714,1815
2025-12-29T12:00:53,ncvoter,zip,25,50.0,0.5,0.001702,0.000303,108904448,108904448,0,108904448,108904448,0,44515,1714,1815
2025-12-29T12:00:53,ncvoter,zip,26,50.0,0.5,0.001736,0.000319,108904448,108904448,0,108904448,108904448,0,44515,1714,1815
2025-12-29T12:00:53,ncvoter,zip,27,50.0,0.5,0.001725,0.000353,108904448,108904448,0,108904448,108904448,0,44515,1714,1815
2025-12-29T12:00:53,ncvoter,zip,28,50.0,0.5,0.001680,0.000350,108904448,108904448,0,108904448,108904448,0,44515,1714,1815
2025-12-29T12:00:53,ncvoter,zip,29,50.0,0.5,0.001685,0.000349,108904448,108904448,0,108904448,108904448,0,44515,1714,1815
2025-12-29T12:00:53,ncvoter,zip,30,50.0,0.5,0.001701,0.000294,108904448,108904448,0,108904448,108904448,0,44515,1714,1815
2025-12-29T12:00:53,ncvoter,zip,31,50.0,0.5,0.001617,0.000294,108904448,108904448,0,108904448,108904448,0,44515,1714,1815
2025-12-29T12:00:53,ncvoter,zip,32,50.0,0.5,0.001603,0.000290,108904448,108904448,0,108904448,108904448,0,44515,1714,1815
2025-12-29T12:00:53,ncvoter,zip,33,50.0,0.5,0.001595,0.000301,108904448,108904448,0,108904448,108904448,0,44515,1714,1815
2025-12-29T12:00:53,ncvoter,zip,34,50.0,0.5,0.001608,0.000299,108904448,108904448,0,108904448,108904448,0,44515,1714,1815
2025-12-29T12:00:54,ncvoter,zip,35,50.0,0.5,0.001753,0.000367,108904448,108904448,0,108904448,108904448,0,44515,1714,1815
2025-12-29T12:00:54,ncvoter,zip,36,50.0,0.5,0.001803,0.000347,108904448,108904448,0,108904448,108904448,0,44515,1714,1815
2025-12-29T12:00:54,ncvoter,zip,37,50.0,0.5,0.002139,0.000418,108904448,108904448,0,108904448,108904448,0,44515,1714,1815
2025-12-29T12:00:54,ncvoter,zip,38,50.0,0.5,0.001777,0.000343,108904448,108904448,0,108904448,108904448,0,44515,1714,1815
2025-12-29T12:00:54,ncvoter,zip,39,50.0,0.5,0.001653,0.000285,108904448,108904448,0,108904448,108904448,0,44515,1714,1815
2025-12-29T12:00:54,ncvoter,zip,40,50.0,0.5,0.001630,0.000328,108904448,108904448,0,108904448,108904448,0,44515,1714,1815
2025-12-29T12:00:54,ncvoter,zip,41,50.0,0.5,0.001563,0.000285,108904448,108904448,0,108904448,108904448,0,44515,1714,1815
2025-12-29T12:00:54,ncvoter,zip,42,50.0,0.5,0.001890,0.000268,108904448,108904448,0,108904448,108904448,0,44515,1714,1815
2025-12-29T12:00:54,ncvoter,zip,43,50.0,0.5,0.001566,0.000279,108904448,108904448,0,108904448,108904448,0,44515,1714,1815
2025-12-29T12:00:54,ncvoter,zip,44,50.0,0.5,0.002011,0.000378,108904448,108904448,0,108904448,108904448,0,44515,1714,1815
2025-12-29T12:00:54,ncvoter,zip,45,50.0,0.5,0.001715,0.000371,108904448,108904448,0,108904448,108904448,0,44515,1714,1815
2025-12-29T12:00:54,ncvoter,zip,46,50.0,0.5,0.001696,0.000347,108904448,108904448,0,108904448,108904448,0,44515,1714,1815
2025-12-29T12:00:54,ncvoter,zip,47,50.0,0.5,0.001923,0.000313,108904448,108904448,0,108904448,108904448,0,44515,1714,1815
2025-12-29T12:00:54,ncvoter,zip,48,50.0,0.5,0.001843,0.000339,108904448,108904448,0,108904448,108904448,0,44515,1714,1815
2025-12-29T12:00:54,ncvoter,zip,49,50.0,0.5,0.001699,0.000299,108904448,108904448,0,108904448,108904448,0,44515,1714,1815
2025-12-29T12:00:54,ncvoter,zip,50,50.0,0.5,0.001605,0.000289,108904448,108904448,0,108904448,108904448,0,44515,1714,1815
2025-12-29T12:00:54,ncvoter,zip,51,50.0,0.5,0.001622,0.000303,108904448,108904448,0,108904448,108904448,0,44515,1714,1815
2025-12-29T12:00:54,ncvoter,zip,52,50.0,0.5,0.001602,0.000284,108904448,108904448,0,108904448,108904448,0,44515,1714,1815
2025-12-29T12:00:54,ncvoter,zip,53,50.0,0.5,0.001619,0.000312,108904448,108904448,0,108904448,108904448,0,44515,1714,1815
2025-12-29T12:00:54,ncvoter,zip,54,50.0,0.5,0.001796,0.000302,108904448,108904448,0,108904448,108904448,0,44515,1714,1815
2025-12-29T12:00:54,ncvoter,zip,55,50.0,0.5,0.001742,0.000354,108904448,108904448,0,108904448,108904448,0,44515,1714,1815
2025-12-29T12:00:54,ncvoter,zip,56,50.0,0.5,0.001846,0.000368,108904448,108904448,0,108904448,108904448,0,44515,1714,1815
2025-12-29T12:00:54,ncvoter,zip,57,50.0,0.5,0.001807,0.000347,108904448,108904448,0,108904448,108904448,0,44515,1714,1815
2025-12-29T12:00:54,ncvoter,zip,58,50.0,0.5,0.001713,0.000326,108904448,108904448,0,108904448,108904448,0,44515,1714,1815
2025-12-29T12:00:54,ncvoter,zip,59,50.0,0.5,0.001658,0.000305,108904448,108904448,0,108904448,108904448,0,44515,1714,1815
2025-12-29T12:00:54,ncvoter,zip,60,50.0,0.5,0.001653,0.000296,108904448,108904448,0,108904448,108904448,0,44515,1714,1815
2025-12-29T12:00:54,ncvoter,zip,61,50.0,0.5,0.001616,0.000280,108904448,108904448,0,108904448,108904448,0,44515,1714,1815
2025-12-29T12:00:54,ncvoter,zip,62,50.0,0.5,0.001784,0.000298,108904448,108904448,0,108904448,108904448,0,44515,1714,1815
2025-12-29T12:00:54,ncvoter,zip,63,50.0,0.5,0.001609,0.000279,108904448,108904448,0,108904448,108904448,0,44515,1714,1815
2025-12-29T12:00:54,ncvoter,zip,64,50.0,0.5,0.001578,0.000265,108904448,108904448,0,108904448,108904448,0,44515,1714,1815
2025-12-29T12:00:54,ncvoter,zip,65,50.0,0.5,0.001890,0.000344,108904448,108904448,0,108904448,108904448,0,44515,1714,1815
2025-12-29T12:00:54,ncvoter,zip,66,50.0,0.5,0.001778,0.000352,108904448,108904448,0,108904448,108904448,0,44515,1714,1815
2025-12-29T12:00:54,ncvoter,zip,67,50.0,0.5,0.001969,0.000371,108904448,108904448,0,108904448,108904448,0,44515,1714,1815
2025-12-29T12:00:54,ncvoter,zip,68,50.0,0.5,0.001695,0.000371,108904448,108904448,0,108904448,108904448,0,44515,1714,1815
2025-12-29T12:00:54,ncvoter,zip,69,50.0,0.5,0.001693,0.000299,108904448,108904448,0,108904448,108904448,0,44515,1714,1815
2025-12-29T12:00:54,ncvoter,zip,70,50.0,0.5,0.001659,0.000288,108904448,108904448,0,108904448,108904448,0,44515,1714,1815
2025-12-29T12:00:54,ncvoter,zip,71,50.0,0.5,0.001581,0.000288,108904448,108904448,0,108904448,108904448,0,44515,1714,1815
2025-12-29T12:00:54,ncvoter,zip,72,50.0,0.5,0.001830,0.000313,108904448,108904448,0,108904448,108904448,0,44515,1714,1815
2025-12-29T12:00:54,ncvoter,zip,73,50.0,0.5,0.001692,0.000311,108904448,108904448,0,108904448,108904448,0,44515,1714,1815
2025-12-29T12:00:54,ncvoter,zip,74,50.0,0.5,0.001596,0.000368,108904448,108904448,0,108904448,108904448,0,44515,1714,1815
2025-12-29T12:00:54,ncvoter,zip,75,50.0,0.5,0.001729,0.000359,108904448,108904448,0,108904448,108904448,0,44515,1714,1815
2025-12-29T12:00:54,ncvoter,zip,76,50.0,0.5,0.001850,0.000704,108904448,108904448,0,108904448,108904448,0,44515,1714,1815
2025-12-29T12:00:54,ncvoter,zip,77,50.0,0.5,0.001813,0.000415,108904448,108904448,0,108904448,108904448,0,44515,1714,1815
2025-12-29T12:00:54,ncvoter,zip,78,50.0,0.5,0.001750,0.000374,108904448,108904448,0,108904448,108904448,0,44515,1714,1815
2025-12-29T12:00:54,ncvoter,zip,79,50.0,0.5,0.001626,0.000301,108904448,108904448,0,108904448,108904448,0,44515,1714,1815
2025-12-29T12:00:54,ncvoter,zip,80,50.0,0.5,0.001684,0.000286,108904448,108904448,0,108904448,108904448,0,44515,1714,1815
2025-12-29T12:00:55,ncvoter,zip,81,50.0,0.5,0.001596,0.000284,108904448,108904448,0,108904448,108904448,0,44515,1714,1815
2025-12-29T12:00:55,ncvoter,zip,82,50.0,0.5,0.001592,0.000271,108904448,108904448,0,108904448,108904448,0,44515,1714,1815
2025-12-29T12:00:55,ncvoter,zip,83,50.0,0.5,0.001634,0.000279,108904448,108904448,0,108904448,108904448,0,44515,1714,1815
2025-12-29T12:00:55,ncvoter,zip,84,50.0,0.5,0.001681,0.000314,108904448,108904448,0,108904448,108904448,0,44515,1714,1815
2025-12-29T12:00:55,ncvoter,zip,85,50.0,0.5,0.001704,0.000328,108904448,108904448,0,108904448,108904448,0,44515,1714,1815
2025-12-29T12:00:55,ncvoter,zip,86,50.0,0.5,0.002119,0.000361,108904448,108904448,0,108904448,108904448,0,44515,1714,1815
2025-12-29T12:00:55,ncvoter,zip,87,50.0,0.5,0.001777,0.000365,108904448,108904448,0,108904448,108904448,0,44515,1714,1815
2025-12-29T12:00:55,ncvoter,zip,88,50.0,0.5,0.001788,0.000361,108904448,108904448,0,108904448,108904448,0,44515,1714,1815
2025-12-29T12:00:55,ncvoter,zip,89,50.0,0.5,0.002103,0.000369,108904448,108904448,0,108904448,108904448,0,44515,1714,1815
2025-12-29T12:00:55,ncvoter,zip,90,50.0,0.5,0.001648,0.000302,108904448,108904448,0,108904448,108904448,0,44515,1714,1815
2025-12-29T12:00:55,ncvoter,zip,91,50.0,0.5,0.001584,0.000295,108904448,108904448,0,108904448,108904448,0,44515,1714,1815
2025-12-29T12:00:55,ncvoter,zip,92,50.0,0.5,0.001569,0.000299,108904448,108904448,0,108904448,108904448,0,44515,1714,1815
2025-12-29T12:00:55,ncvoter,zip,93,50.0,0.5,0.001549,0.000289,108904448,108904448,0,108904448,108904448,0,44515,1714,1815
2025-12-29T12:00:55,ncvoter,zip,94,50.0,0.5,0.001562,0.000318,108904448,108904448,0,108904448,108904448,0,44515,1714,1815
2025-12-29T12:00:55,ncvoter,zip,95,50.0,0.5,0.001789,0.000376,108904448,108904448,0,108904448,108904448,0,44515,1714,1815
2025-12-29T12:00:55,ncvoter,zip,96,50.0,0.5,0.002266,0.000380,108904448,108904448,0,108904448,108904448,0,44515,1714,1815
2025-12-29T12:00:55,ncvoter,zip,97,50.0,0.5,0.001779,0.000354,108904448,108904448,0,108904448,108904448,0,44515,1714,1815
2025-12-29T12:00:55,ncvoter,zip,98,50.0,0.5,0.001721,0.000315,108904448,108904448,0,108904448,108904448,0,44515,1714,1815
2025-12-29T12:00:55,ncvoter,zip,99,50.0,0.5,0.001863,0.000310,108904448,108904448,0,108904448,108904448,0,44515,1714,1815
2025-12-29T12:00:55,ncvoter,zip,100,50.0,0.5,0.001701,0.000294,108904448,108904448,0,108904448,108904448,0,44515,1714,1815
2025-12-29T12:00:55,onlineretail,CustomerID,1,50.0,0.5,0.009982,0.000306,108904448,109035520,131072,109035520,109035520,0,121047,1762,7989
2025-12-29T12:00:55,onlineretail,CustomerID,2,50.0,0.5,0.008445,0.000302,109035520,109035520,0,109035520,109035520,0,112312,1762,7989
2025-12-29T12:00:55,onlineretail,CustomerID,3,50.0,0.5,0.008421,0.000402,109035520,109035520,0,109035520,109035520,0,112312,1762,7989
2025-12-29T12:00:55,onlineretail,CustomerID,4,50.0,0.5,0.009002,0.000339,109035520,109035520,0,109035520,109035520,0,112312,1762,7989
2025-12-29T12:00:55,onlineretail,CustomerID,5,50.0,0.5,0.008950,0.000358,109035520,109035520,0,109035520,109035520,0,112312,1762,7989
2025-12-29T12:00:55,onlineretail,CustomerID,6,50.0,0.5,0.008695,0.000322,109035520,109035520,0,109035520,109035520,0,112312,1762,7989
2025-12-29T12:00:55,onlineretail,CustomerID,7,50.0,0.5,0.008615,0.000334,109035520,109035520,0,109035520,109035520,0,112312,1762,7989
2025-12-29T12:00:55,onlineretail,CustomerID,8,50.0,0.5,0.008605,0.000303,109035520,109035520,0,109035520,109035520,0,112312,1762,7989
2025-12-29T12:00:55,onlineretail,CustomerID,9,50.0,0.5,0.008503,0.000296,109035520,109035520,0,109035520,109035520,0,112312,1762,7989
2025-12-29T12:00:55,onlineretail,CustomerID,10,50.0,0.5,0.008609,0.000355,109035520,109035520,0,109035520,109035520,0,112312,1762,7989
2025-12-29T12:00:55,onlineretail,CustomerID,11,50.0,0.5,0.009079,0.000297,109035520,109035520,0,109035520,109035520,0,112312,1762,7989
2025-12-29T12:00:55,onlineretail,CustomerID,12,50.0,0.5,0.008709,0.000299,109035520,109035520,0,109035520,109035520,0,112312,1762,7989
2025-12-29T12:00:55,onlineretail,CustomerID,13,50.0,0.5,0.008507,0.000305,109035520,109035520,0,109035520,109035520,0,112312,1762,7989
2025-12-29T12:00:55,onlineretail,CustomerID,14,50.0,0.5,0.008435,0.000305,109035520,109035520,0,109035520,109035520,0,112312,1762,7989
2025-12-29T12:00:55,onlineretail,CustomerID,15,50.0,0.5,0.008527,0.000287,109035520,109035520,0,109035520,109035520,0,112312,1762,7989
2025-12-29T12:00:55,onlineretail,CustomerID,16,50.0,0.5,0.008501,0.000300,109035520,109035520,0,109035520,109035520,0,112312,1762,7989
2025-12-29T12:00:55,onlineretail,CustomerID,17,50.0,0.5,0.008681,0.000305,109035520,109035520,0,109035520,109035520,0,112312,1762,7989
2025-12-29T12:00:55,onlineretail,CustomerID,18,50.0,0.5,0.008504,0.000280,109035520,109035520,0,109035520,109035520,0,112312,1762,7989
2025-12-29T12:00:55,onlineretail,CustomerID,19,50.0,0.5,0.008886,0.000299,109035520,109035520,0,109035520,109035520,0,112312,1762,7989
2025-12-29T12:00:55,onlineretail,CustomerID,20,50.0,0.5,0.009224,0.000364,109035520,109035520,0,109035520,109035520,0,112312,1762,7989
2025-12-29T12:00:56,onlineretail,CustomerID,21,50.0,0.5,0.008785,0.000257,109035520,109035520,0,109035520,109035520,0,112312,1762,7989
2025-12-29T12:00:56,onlineretail,CustomerID,22,50.0,0.5,0.008486,0.000247,109035520,109035520,0,109035520,109035520,0,112312,1762,7989
2025-12-29T12:00:56,onlineretail,CustomerID,23,50.0,0.5,0.008382,0.000263,109035520,109035520,0,109035520,109035520,0,112312,1762,7989
2025-12-29T12:00:56,onlineretail,CustomerID,24,50.0,0.5,0.008354,0.000266,109035520,109035520,0,109035520,109035520,0,112312,1762,7989
2025-12-29T12:00:56,onlineretail,CustomerID,25,50.0,0.5,0.008329,0.000255,109035520,109035520,0,109035520,109035520,0,112312,1762,7989
2025-12-29T12:00:56,onlineretail,CustomerID,26,50.0,0.5,0.008339,0.000261,109035520,109035520,0,109035520,109035520,0,112312,1762,7989
2025-12-29T12:00:56,onlineretail,CustomerID,27,50.0,0.5,0.008730,0.000278,109035520,109035520,0,109035520,109035520,0,112312,1762,7989
2025-12-29T12:00:56,onlineretail,CustomerID,28,50.0,0.5,0.008657,0.000289,109035520,109035520,0,109035520,109035520,0,112312,1762,7989
2025-12-29T12:00:56,onlineretail,CustomerID,29,50.0,0.5,0.008718,0.000233,109035520,109035520,0,109035520,109035520,0,112312,1762,7989
2025-12-29T12:00:56,onlineretail,CustomerID,30,50.0,0.5,0.008403,0.000228,109035520,109035520,0,109035520,109035520,0,112312,1762,7989
2025-12-29T12:00:56,onlineretail,CustomerID,31,50.0,0.5,0.008340,0.000233,109035520,109035520,0,109035520,109035520,0,112312,1762,7989
2025-12-29T12:00:56,onlineretail,CustomerID,32,50.0,0.5,0.008340,0.000258,109035520,109035520,0,109035520,109035520,0,112312,1762,7989
2025-12-29T12:00:56,onlineretail,CustomerID,33,50.0,0.5,0.008343,0.000239,109035520,109035520,0,109035520,109035520,0,112312,1762,7989
2025-12-29T12:00:56,onlineretail,CustomerID,34,50.0,0.5,0.008460,0.000253,109035520,109035520,0,109035520,109035520,0,112312,1762,7989
2025-12-29T12:00:56,onlineretail,CustomerID,35,50.0,0.5,0.008536,0.000312,109035520,109035520,0,109035520,109035520,0,112312,1762,7989
2025-12-29T12:00:56,onlineretail,CustomerID,36,50.0,0.5,0.008859,0.000271,109051904,109051904,0,109051904,109051904,0,112312,1762,7989
2025-12-29T12:00:56,onlineretail,CustomerID,37,50.0,0.5,0.008679,0.000283,109051904,109051904,0,109051904,109051904,0,112312,1762,7989
2025-12-29T12:00:56,onlineretail,CustomerID,38,50.0,0.5,0.008459,0.000257,109051904,109051904,0,109051904,109051904,0,112312,1762,7989
2025-12-29T12:00:56,onlineretail,CustomerID,39,50.0,0.5,0.008425,0.000254,109051904,109051904,0,109051904,109051904,0,112312,1762,7989
2025-12-29T12:00:56,onlineretail,CustomerID,40,50.0,0.5,0.008508,0.000256,109051904,109051904,0,109051904,109051904,0,112312,1762,7989
2025-12-29T12:00:56,onlineretail,CustomerID,41,50.0,0.5,0.008399,0.000249,109051904,109051904,0,109051904,109051904,0,112312,1762,7989
2025-12-29T12:00:56,onlineretail,CustomerID,42,50.0,0.5,0.008336,0.000253,109051904,109051904,0,109051904,109051904,0,112312,1762,7989
2025-12-29T12:00:56,onlineretail,CustomerID,43,50.0,0.5,0.008364,0.000303,109051904,109051904,0,109051904,109051904,0,112312,1762,7989
2025-12-29T12:00:56,onlineretail,CustomerID,44,50.0,0.5,0.008436,0.000280,109051904,109051904,0,109051904,109051904,0,112312,1762,7989
2025-12-29T12:00:56,onlineretail,CustomerID,45,50.0,0.5,0.008753,0.000301,109051904,109051904,0,109051904,109051904,0,112312,1762,7989
2025-12-29T12:00:56,onlineretail,CustomerID,46,50.0,0.5,0.008569,0.000273,109051904,109051904,0,109051904,109051904,0,112312,1762,7989
2025-12-29T12:00:56,onlineretail,CustomerID,47,50.0,0.5,0.008519,0.000249,109051904,109051904,0,109051904,109051904,0,112312,1762,7989
2025-12-29T12:00:56,onlineretail,CustomerID,48,50.0,0.5,0.008495,0.000265,109051904,109051904,0,109051904,109051904,0,112312,1762,7989
2025-12-29T12:00:56,onlineretail,CustomerID,49,50.0,0.5,0.008441,0.000255,109051904,109051904,0,109051904,109051904,0,112312,1762,7989
2025-12-29T12:00:56,onlineretail,CustomerID,50,50.0,0.5,0.008352,0.000247,109051904,109051904,0,109051904,109051904,0,112312,1762,7989
2025-12-29T12:00:56,onlineretail,CustomerID,51,50.0,0.5,0.008364,0.000238,109051904,109051904,0,109051904,109051904,0,112312,1762,7989
2025-12-29T12:00:56,onlineretail,CustomerID,52,50.0,0.5,0.008397,0.000270,109051904,109051904,0,109051904,109051904,0,112312,1762,7989
2025-12-29T12:00:56,onlineretail,CustomerID,53,50.0,0.5,0.008564,0.000274,109051904,109051904,0,109051904,109051904,0,112312,1762,7989
2025-12-29T12:00:56,onlineretail,CustomerID,54,50.0,0.5,0.008685,0.000277,109051904,109051904,0,109051904,109051904,0,112312,1762,7989
2025-12-29T12:00:56,onlineretail,CustomerID,55,50.0,0.5,0.008550,0.000246,109051904,109051904,0,109051904,109051904,0,112312,1762,7989
2025-12-29T12:00:56,onlineretail,CustomerID,56,50.0,0.5,0.008424,0.000228,109051904,109051904,0,109051904,109051904,0,112312,1762,7989
2025-12-29T12:00:56,onlineretail,CustomerID,57,50.0,0.5,0.008441,0.000229,109051904,109051904,0,109051904,109051904,0,112312,1762,7989
2025-12-29T12:00:56,onlineretail,CustomerID,58,50.0,0.5,0.008417,0.000255,109051904,109051904,0,109051904,109051904,0,112312,1762,7989
2025-12-29T12:00:56,onlineretail,CustomerID,59,50.0,0.5,0.008417,0.000253,109051904,109051904,0,109051904,109051904,0,112312,1762,7989
2025-12-29T12:00:56,onlineretail,CustomerID,60,50.0,0.5,0.008376,0.000240,109051904,109051904,0,109051904,109051904,0,112312,1762,7989
2025-12-29T12:00:57,onlineretail,CustomerID,61,50.0,0.5,0.008468,0.000261,109051904,109051904,0,109051904,109051904,0,112312,1762,7989
2025-12-29T12:00:57,onlineretail,CustomerID,62,50.0,0.5,0.008857,0.000305,109051904,109051904,0,109051904,109051904,0,112312,1762,7989
2025-12-29T12:00:57,onlineretail,CustomerID,63,50.0,0.5,0.008760,0.000262,109051904,109051904,0,109051904,109051904,0,112312,1762,7989
2025-12-29T12:00:57,onlineretail,CustomerID,64,50.0,0.5,0.008385,0.000231,109051904,109051904,0,109051904,109051904,0,112312,1762,7989
2025-12-29T12:00:57,onlineretail,CustomerID,65,50.0,0.5,0.008414,0.000236,109051904,109051904,0,109051904,109051904,0,112312,1762,7989
2025-12-29T12:00:57,onlineretail,CustomerID,66,50.0,0.5,0.008410,0.000249,109051904,109051904,0,109051904,109051904,0,112312,1762,7989
2025-12-29T12:00:57,onlineretail,CustomerID,67,50.0,0.5,0.008374,0.000260,109051904,109051904,0,109051904,109051904,0,112312,1762,7989
2025-12-29T12:00:57,onlineretail,CustomerID,68,50.0,0.5,0.008372,0.000240,109051904,109051904,0,109051904,109051904,0,112312,1762,7989
2025-12-29T12:00:57,onlineretail,CustomerID,69,50.0,0.5,0.008347,0.000242,109051904,109051904,0,109051904,109051904,0,112312,1762,7989
2025-12-29T12:00:57,onlineretail,CustomerID,70,50.0,0.5,0.008988,0.000293,109051904,109051904,0,109051904,109051904,0,112312,1762,7989
2025-12-29T12:00:57,onlineretail,CustomerID,71,50.0,0.5,0.008851,0.000277,109051904,109051904,0,109051904,109051904,0,112312,1762,7989
2025-12-29T12:00:57,onlineretail,CustomerID,72,50.0,0.5,0.008702,0.000270,109051904,109051904,0,109051904,109051904,0,112312,1762,7989
2025-12-29T12:00:57,onlineretail,CustomerID,73,50.0,0.5,0.008570,0.000244,109051904,109051904,0,109051904,109051904,0,112312,1762,7989
2025-12-29T12:00:57,onlineretail,CustomerID,74,50.0,0.5,0.008469,0.000265,109051904,109051904,0,109051904,109051904,0,112312,1762,7989
2025-12-29T12:00:57,onlineretail,CustomerID,75,50.0,0.5,0.008490,0.000243,109051904,109051904,0,109051904,109051904,0,112312,1762,7989
2025-12-29T12:00:57,onlineretail,CustomerID,76,50.0,0.5,0.008388,0.000243,109051904,109051904,0,109051904,109051904,0,112312,1762,7989
2025-12-29T12:00:57,onlineretail,CustomerID,77,50.0,0.5,0.008434,0.000255,109051904,109051904,0,109051904,109051904,0,112312,1762,7989
2025-12-29T12:00:57,onlineretail,CustomerID,78,50.0,0.5,0.008411,0.000231,109051904,109051904,0,109051904,109051904,0,112312,1762,7989
2025-12-29T12:00:57,onlineretail,CustomerID,79,50.0,0.5,0.008598,0.000294,109051904,109051904,0,109051904,109051904,0,112312,1762,7989
2025-12-29T12:00:57,onlineretail,CustomerID,80,50.0,0.5,0.008804,0.000262,109051904,109051904,0,109051904,109051904,0,112312,1762,7989
2025-12-29T12:00:57,onlineretail,CustomerID,81,50.0,0.5,0.008780,0.000291,109051904,109051904,0,109051904,109051904,0,112312,1762,7989
2025-12-29T12:00:57,onlineretail,CustomerID,82,50.0,0.5,0.008589,0.000243,109051904,109051904,0,109051904,109051904,0,112312,1762,7989
2025-12-29T12:00:57,onlineretail,CustomerID,83,50.0,0.5,0.008517,0.000247,109051904,109051904,0,109051904,109051904,0,112312,1762,7989
2025-12-29T12:00:57,onlineretail,CustomerID,84,50.0,0.5,0.008455,0.000245,109051904,109051904,0,109051904,109051904,0,112312,1762,7989
2025-12-29T12:00:57,onlineretail,CustomerID,85,50.0,0.5,0.008318,0.000263,109051904,109051904,0,109051904,109051904,0,112312,1762,7989
2025-12-29T12:00:57,onlineretail,CustomerID,86,50.0,0.5,0.008436,0.000250,109051904,109051904,0,109051904,109051904,0,112312,1762,7989
2025-12-29T12:00:57,onlineretail,CustomerID,87,50.0,0.5,0.008324,0.000248,109051904,109051904,0,109051904,109051904,0,112312,1762,7989
2025-12-29T12:00:57,onlineretail,CustomerID,88,50.0,0.5,0.008451,0.000274,109051904,109051904,0,109051904,109051904,0,112312,1762,7989
2025-12-29T12:00:57,onlineretail,CustomerID,89,50.0,0.5,0.008591,0.000273,109051904,109051904,0,109051904,109051904,0,112312,1762,7989
2025-12-29T12:00:57,onlineretail,CustomerID,90,50.0,0.5,0.008562,0.000249,109051904,109051904,0,109051904,109051904,0,112312,1762,7989
2025-12-29T12:00:57,onlineretail,CustomerID,91,50.0,0.5,0.008535,0.000232,109051904,109051904,0,109051904,109051904,0,112312,1762,7989
2025-12-29T12:00:57,onlineretail,CustomerID,92,50.0,0.5,0.008399,0.000238,109051904,109051904,0,109051904,109051904,0,112312,1762,7989
2025-12-29T12:00:57,onlineretail,CustomerID,93,50.0,0.5,0.008390,0.000253,109051904,109051904,0,109051904,109051904,0,112312,1762,7989
2025-12-29T12:00:57,onlineretail,CustomerID,94,50.0,0.5,0.008344,0.000259,109051904,109051904,0,109051904,109051904,0,112312,1762,7989
2025-12-29T12:00:57,onlineretail,CustomerID,95,50.0,0.5,0.008388,0.000241,109051904,109051904,0,109051904,109051904,0,112312,1762,7989
2025-12-29T12:00:57,onlineretail,CustomerID,96,50.0,0.5,0.008315,0.000248,109051904,109051904,0,109051904,109051904,0,112312,1762,7989
2025-12-29T12:00:57,onlineretail,CustomerID,97,50.0,0.5,0.008651,0.000393,109051904,109051904,0,109051904,109051904,0,112312,1762,7989
2025-12-29T12:00:57,onlineretail,CustomerID,98,50.0,0.5,0.008683,0.000299,109051904,109051904,0,109051904,109051904,0,112312,1762,7989
2025-12-29T12:00:57,onlineretail,CustomerID,99,50.0,0.5,0.008570,0.000244,109051904,109051904,0,109051904,109051904,0,112312,1762,7989
2025-12-29T12:00:57,onlineretail,CustomerID,100,50.0,0.5,0.008375,0.000228,109051904,109051904,0,109051904,109051904,0,112312,1762,7989
2025-12-29T12:00:58,adult,education,1,50.0,0.5,0.002889,0.000256,109051904,109117440,65536,109117440,109117440,0,40202,1730,1928
2025-12-29T12:00:58,adult,education,2,50.0,0.5,0.001832,0.000218,109117440,109117440,0,109117440,109117440,0,34218,1730,1928
2025-12-29T12:00:58,adult,education,3,50.0,0.5,0.001715,0.000210,109117440,109117440,0,109117440,109117440,0,34218,1730,1928
2025-12-29T12:00:58,adult,education,4,50.0,0.5,0.001641,0.000222,109117440,109117440,0,109117440,109117440,0,34218,1730,1928
2025-12-29T12:00:58,adult,education,5,50.0,0.5,0.001606,0.000199,109117440,109117440,0,109117440,109117440,0,34218,1730,1928
2025-12-29T12:00:58,adult,education,6,50.0,0.5,0.001614,0.000216,109117440,109117440,0,109117440,109117440,0,34218,1730,1928
2025-12-29T12:00:58,adult,education,7,50.0,0.5,0.001633,0.000226,109117440,109117440,0,109117440,109117440,0,34218,1730,1928
2025-12-29T12:00:58,adult,education,8,50.0,0.5,0.001633,0.000317,109117440,109117440,0,109117440,109117440,0,34218,1730,1928
2025-12-29T12:00:58,adult,education,9,50.0,0.5,0.001911,0.000362,109117440,109117440,0,109117440,109117440,0,34218,1730,1928
2025-12-29T12:00:58,adult,education,10,50.0,0.5,0.001798,0.000274,109117440,109117440,0,109117440,109117440,0,34218,1730,1928
2025-12-29T12:00:58,adult,education,11,50.0,0.5,0.001832,0.000251,109117440,109117440,0,109117440,109117440,0,34218,1730,1928
2025-12-29T12:00:58,adult,education,12,50.0,0.5,0.001899,0.000295,109117440,109117440,0,109117440,109117440,0,34218,1730,1928
2025-12-29T12:00:58,adult,education,13,50.0,0.5,0.001868,0.000289,109117440,109117440,0,109117440,109117440,0,34218,1730,1928
2025-12-29T12:00:58,adult,education,14,50.0,0.5,0.001762,0.000224,109117440,109117440,0,109117440,109117440,0,34218,1730,1928
2025-12-29T12:00:58,adult,education,15,50.0,0.5,0.001684,0.000263,109117440,109117440,0,109117440,109117440,0,34218,1730,1928
2025-12-29T12:00:58,adult,education,16,50.0,0.5,0.001694,0.000237,109117440,109117440,0,109117440,109117440,0,34218,1730,1928
2025-12-29T12:00:58,adult,education,17,50.0,0.5,0.001674,0.000239,109117440,109117440,0,109117440,109117440,0,34218,1730,1928
2025-12-29T12:00:58,adult,education,18,50.0,0.5,0.001679,0.000256,109117440,109117440,0,109117440,109117440,0,34218,1730,1928
2025-12-29T12:00:58,adult,education,19,50.0,0.5,0.001663,0.000248,109117440,109117440,0,109117440,109117440,0,34218,1730,1928
2025-12-29T12:00:58,adult,education,20,50.0,0.5,0.001705,0.000258,109117440,109117440,0,109117440,109117440,0,34218,1730,1928
2025-12-29T12:00:58,adult,education,21,50.0,0.5,0.001926,0.000281,109117440,109117440,0,109117440,109117440,0,34218,1730,1928
2025-12-29T12:00:58,adult,education,22,50.0,0.5,0.001821,0.000294,109117440,109117440,0,109117440,109117440,0,34218,1730,1928
2025-12-29T12:00:58,adult,education,23,50.0,0.5,0.001809,0.000271,109117440,109117440,0,109117440,109117440,0,34218,1730,1928
2025-12-29T12:00:58,adult,education,24,50.0,0.5,0.001797,0.000256,109117440,109117440,0,109117440,109117440,0,34218,1730,1928
2025-12-29T12:00:58,adult,education,25,50.0,0.5,0.001759,0.000250,109117440,109117440,0,109117440,109117440,0,34218,1730,1928
2025-12-29T12:00:58,adult,education,26,50.0,0.5,0.001726,0.000262,109117440,109117440,0,109117440,109117440,0,34218,1730,1928
2025-12-29T12:00:58,adult,education,27,50.0,0.5,0.001705,0.000247,109117440,109117440,0,109117440,109117440,0,34218,1730,1928
2025-12-29T12:00:58,adult,education,28,50.0,0.5,0.001704,0.000246,109117440,109117440,0,109117440,109117440,0,34218,1730,1928
2025-12-29T12:00:58,adult,education,29,50.0,0.5,0.001684,0.000248,109117440,109117440,0,109117440,109117440,0,34218,1730,1928
2025-12-29T12:00:58,adult,education,30,50.0,0.5,0.001686,0.000235,109117440,109117440,0,109117440,109117440,0,34218,1730,1928
2025-12-29T12:00:58,adult,education,31,50.0,0.5,0.001833,0.000282,109117440,109117440,0,109117440,109117440,0,34218,1730,1928
2025-12-29T12:00:58,adult,education,32,50.0,0.5,0.001715,0.000266,109117440,109117440,0,109117440,109117440,0,34218,1730,1928
2025-12-29T12:00:58,adult,education,33,50.0,0.5,0.001765,0.000313,109117440,109117440,0,109117440,109117440,0,34218,1730,1928
2025-12-29T12:00:58,adult,education,34,50.0,0.5,0.001711,0.000258,109117440,109117440,0,109117440,109117440,0,34218,1730,1928
2025-12-29T12:00:58,adult,education,35,50.0,0.5,0.001689,0.000323,109117440,109117440,0,109117440,109117440,0,34218,1730,1928
2025-12-29T12:00:58,adult,education,36,50.0,0.5,0.001795,0.000262,109117440,109117440,0,109117440,109117440,0,34218,1730,1928
2025-12-29T12:00:58,adult,education,37,50.0,0.5,0.001693,0.000247,109117440,109117440,0,109117440,109117440,0,34218,1730,1928
2025-12-29T12:00:58,adult,education,38,50.0,0.5,0.001688,0.000238,109117440,109117440,0,109117440,109117440,0,34218,1730,1928
2025-12-29T12:00:58,adult,education,39,50.0,0.5,0.001683,0.000243,109117440,109117440,0,109117440,109117440,0,34218,1730,1928
2025-12-29T12:00:58,adult,education,40,50.0,0.5,0.001712,0.000252,109117440,109117440,0,109117440,109117440,0,34218,1730,1928
2025-12-29T12:00:58,adult,education,41,50.0,0.5,0.001736,0.000290,109117440,109117440,0,109117440,109117440,0,34218,1730,1928
2025-12-29T12:00:58,adult,education,42,50.0,0.5,0.001736,0.000356,109117440,109117440,0,109117440,109117440,0,34218,1730,1928
2025-12-29T12:00:58,adult,education,43,50.0,0.5,0.002201,0.000340,109117440,109117440,0,109117440,109117440,0,34218,1730,1928
2025-12-29T12:00:58,adult,education,44,50.0,0.5,0.001900,0.000344,109117440,109117440,0,109117440,109117440,0,34218,1730,1928
2025-12-29T12:00:58,adult,education,45,50.0,0.5,0.001871,0.000306,109117440,109117440,0,109117440,109117440,0,34218,1730,1928
2025-12-29T12:00:58,adult,education,46,50.0,0.5,0.001794,0.000270,109117440,109117440,0,109117440,109117440,0,34218,1730,1928
2025-12-29T12:00:58,adult,education,47,50.0,0.5,0.001794,0.000287,109117440,109117440,0,109117440,109117440,0,34218,1730,1928
2025-12-29T12:00:58,adult,education,48,50.0,0.5,0.001805,0.000281,109117440,109117440,0,109117440,109117440,0,34218,1730,1928
2025-12-29T12:00:58,adult,education,49,50.0,0.5,0.001770,0.000286,109117440,109117440,0,109117440,109117440,0,34218,1730,1928
2025-12-29T12:00:58,adult,education,50,50.0,0.5,0.001774,0.000270,109117440,109117440,0,109117440,109117440,0,34218,1730,1928
2025-12-29T12:00:58,adult,education,51,50.0,0.5,0.001750,0.000269,109117440,109117440,0,109117440,109117440,0,34218,1730,1928
2025-12-29T12:00:58,adult,education,52,50.0,0.5,0.001717,0.000338,109117440,109117440,0,109117440,109117440,0,34218,1730,1928
2025-12-29T12:00:58,adult,education,53,50.0,0.5,0.001876,0.000252,109117440,109117440,0,109117440,109117440,0,34218,1730,1928
2025-12-29T12:00:58,adult,education,54,50.0,0.5,0.001718,0.000259,109117440,109117440,0,109117440,109117440,0,34218,1730,1928
2025-12-29T12:00:59,adult,education,55,50.0,0.5,0.001710,0.000272,109117440,109117440,0,109117440,109117440,0,34218,1730,1928
2025-12-29T12:00:59,adult,education,56,50.0,0.5,0.001754,0.000270,109117440,109117440,0,109117440,109117440,0,34218,1730,1928
2025-12-29T12:00:59,adult,education,57,50.0,0.5,0.001757,0.000235,109117440,109117440,0,109117440,109117440,0,34218,1730,1928
2025-12-29T12:00:59,adult,education,58,50.0,0.5,0.001692,0.000244,109117440,109117440,0,109117440,109117440,0,34218,1730,1928
2025-12-29T12:00:59,adult,education,59,50.0,0.5,0.001700,0.000240,109117440,109117440,0,109117440,109117440,0,34218,1730,1928
2025-12-29T12:00:59,adult,education,60,50.0,0.5,0.001678,0.000232,109117440,109117440,0,109117440,109117440,0,34218,1730,1928
2025-12-29T12:00:59,adult,education,61,50.0,0.5,0.001735,0.000272,109117440,109117440,0,109117440,109117440,0,34218,1730,1928
2025-12-29T12:00:59,adult,education,62,50.0,0.5,0.001716,0.000326,109117440,109117440,0,109117440,109117440,0,34218,1730,1928
2025-12-29T12:00:59,adult,education,63,50.0,0.5,0.001737,0.000227,109117440,109117440,0,109117440,109117440,0,34218,1730,1928
2025-12-29T12:00:59,adult,education,64,50.0,0.5,0.001669,0.000301,109117440,109117440,0,109117440,109117440,0,34218,1730,1928
2025-12-29T12:00:59,adult,education,65,50.0,0.5,0.001832,0.000312,109117440,109117440,0,109117440,109117440,0,34218,1730,1928
2025-12-29T12:00:59,adult,education,66,50.0,0.5,0.001966,0.000285,109117440,109117440,0,109117440,109117440,0,34218,1730,1928
2025-12-29T12:00:59,adult,education,67,50.0,0.5,0.001730,0.000276,109117440,109117440,0,109117440,109117440,0,34218,1730,1928
2025-12-29T12:00:59,adult,education,68,50.0,0.5,0.001752,0.000288,109117440,109117440,0,109117440,109117440,0,34218,1730,1928
2025-12-29T12:00:59,adult,education,69,50.0,0.5,0.001790,0.000243,109117440,109117440,0,109117440,109117440,0,34218,1730,1928
2025-12-29T12:00:59,adult,education,70,50.0,0.5,0.001715,0.000241,109117440,109117440,0,109117440,109117440,0,34218,1730,1928
2025-12-29T12:00:59,adult,education,71,50.0,0.5,0.001746,0.000297,109117440,109117440,0,109117440,109117440,0,34218,1730,1928
2025-12-29T12:00:59,adult,education,72,50.0,0.5,0.001784,0.000291,109117440,109117440,0,109117440,109117440,0,34218,1730,1928
2025-12-29T12:00:59,adult,education,73,50.0,0.5,0.001767,0.000281,109117440,109117440,0,109117440,109117440,0,34218,1730,1928
2025-12-29T12:00:59,adult,education,74,50.0,0.5,0.001734,0.000297,109117440,109117440,0,109117440,109117440,0,34218,1730,1928
2025-12-29T12:00:59,adult,education,75,50.0,0.5,0.001769,0.000313,109117440,109117440,0,109117440,109117440,0,34218,1730,1928
2025-12-29T12:00:59,adult,education,76,50.0,0.5,0.001826,0.000297,109117440,109117440,0,109117440,109117440,0,34218,1730,1928
2025-12-29T12:00:59,adult,education,77,50.0,0.5,0.001804,0.000280,109117440,109117440,0,109117440,109117440,0,34218,1730,1928
2025-12-29T12:00:59,adult,education,78,50.0,0.5,0.001753,0.000272,109117440,109117440,0,109117440,109117440,0,34218,1730,1928
2025-12-29T12:00:59,adult,education,79,50.0,0.5,0.001830,0.000292,109117440,109117440,0,109117440,109117440,0,34218,1730,1928
2025-12-29T12:00:59,adult,education,80,50.0,0.5,0.001816,0.000323,109117440,109117440,0,109117440,109117440,0,34218,1730,1928
2025-12-29T12:00:59,adult,education,81,50.0,0.5,0.001817,0.000284,109117440,109117440,0,109117440,109117440,0,34218,1730,1928
2025-12-29T12:00:59,adult,education,82,50.0,0.5,0.001748,0.000283,109117440,109117440,0,109117440,109117440,0,34218,1730,1928
2025-12-29T12:00:59,adult,education,83,50.0,0.5,0.001724,0.000336,109117440,109117440,0,109117440,109117440,0,34218,1730,1928
2025-12-29T12:00:59,adult,education,84,50.0,0.5,0.001749,0.000280,109117440,109117440,0,109117440,109117440,0,34218,1730,1928
2025-12-29T12:00:59,adult,education,85,50.0,0.5,0.001742,0.000273,109117440,109117440,0,109117440,109117440,0,34218,1730,1928
2025-12-29T12:00:59,adult,education,86,50.0,0.5,0.001818,0.000302,109117440,109117440,0,109117440,109117440,0,34218,1730,1928
2025-12-29T12:00:59,adult,education,87,50.0,0.5,0.001846,0.000298,109117440,109117440,0,109117440,109117440,0,34218,1730,1928
2025-12-29T12:00:59,adult,education,88,50.0,0.5,0.001798,0.000247,109117440,109117440,0,109117440,109117440,0,34218,1730,1928
2025-12-29T12:00:59,adult,education,89,50.0,0.5,0.001751,0.000274,109117440,109117440,0,109117440,109117440,0,34218,1730,1928
2025-12-29T12:00:59,adult,education,90,50.0,0.5,0.001890,0.000259,109117440,109117440,0,109117440,109117440,0,34218,1730,1928
2025-12-29T12:00:59,adult,education,91,50.0,0.5,0.001724,0.000225,109117440,109117440,0,109117440,109117440,0,34218,1730,1928
2025-12-29T12:00:59,adult,education,92,50.0,0.5,0.001663,0.000227,109117440,109117440,0,109117440,109117440,0,34218,1730,1928
2025-12-29T12:00:59,adult,education,93,50.0,0.5,0.001684,0.000237,109117440,109117440,0,109117440,109117440,0,34218,1730,1928
2025-12-29T12:00:59,adult,education,94,50.0,0.5,0.001717,0.000239,109117440,109117440,0,109117440,109117440,0,34218,1730,1928
2025-12-29T12:00:59,adult,education,95,50.0,0.5,0.001703,0.000255,109117440,109117440,0,109117440,109117440,0,34218,1730,1928
2025-12-29T12:00:59,adult,education,96,50.0,0.5,0.001680,0.000280,109117440,109117440,0,109117440,109117440,0,34218,1730,1928
2025-12-29T12:00:59,adult,education,97,50.0,0.5,0.001752,0.000276,109117440,109117440,0,109117440,109117440,0,34218,1730,1928
2025-12-29T12:00:59,adult,education,98,50.0,0.5,0.001756,0.000323,109117440,109117440,0,109117440,109117440,0,34218,1730,1928
2025-12-29T12:00:59,adult,education,99,50.0,0.5,0.001806,0.000311,109117440,109117440,0,109117440,109117440,0,34218,1730,1928
2025-12-29T12:00:59,adult,education,100,50.0,0.5,0.001799,0.000272,109117440,109117440,0,109117440,109117440,0,34218,1730,1928
2025-12-29T12:00:59,tax,zipcode,1,50.0,0.5,0.002999,0.000274,109117440,109215744,98304,109215744,109215744,0,56162,1714,2064
2025-12-29T12:00:59,tax,zipcode,2,50.0,0.5,0.001671,0.000285,109215744,109215744,0,109215744,109215744,0,46234,1714,2064
2025-12-29T12:00:59,tax,zipcode,3,50.0,0.5,0.001674,0.000233,109215744,109215744,0,109215744,109215744,0,46234,1714,2064
2025-12-29T12:00:59,tax,zipcode,4,50.0,0.5,0.001588,0.000256,109215744,109215744,0,109215744,109215744,0,46234,1714,2064
2025-12-29T12:00:59,tax,zipcode,5,50.0,0.5,0.001617,0.000253,109215744,109215744,0,109215744,109215744,0,46234,1714,2064
2025-12-29T12:00:59,tax,zipcode,6,50.0,0.5,0.001617,0.000250,109215744,109215744,0,109215744,109215744,0,46234,1714,2064
2025-12-29T12:01:00,tax,zipcode,7,50.0,0.5,0.001686,0.000277,109215744,109215744,0,109215744,109215744,0,46234,1714,2064
2025-12-29T12:01:00,tax,zipcode,8,50.0,0.5,0.001702,0.000316,109215744,109215744,0,109215744,109215744,0,46234,1714,2064
2025-12-29T12:01:00,tax,zipcode,9,50.0,0.5,0.001630,0.000226,109215744,109215744,0,109215744,109215744,0,46234,1714,2064
2025-12-29T12:01:00,tax,zipcode,10,50.0,0.5,0.001582,0.000243,109215744,109215744,0,109215744,109215744,0,46234,1714,2064
2025-12-29T12:01:00,tax,zipcode,11,50.0,0.5,0.001691,0.000270,109215744,109215744,0,109215744,109215744,0,46234,1714,2064
2025-12-29T12:01:00,tax,zipcode,12,50.0,0.5,0.001667,0.000255,109215744,109215744,0,109215744,109215744,0,46234,1714,2064
2025-12-29T12:01:00,tax,zipcode,13,50.0,0.5,0.001909,0.000284,109215744,109215744,0,109215744,109215744,0,46234,1714,2064
2025-12-29T12:01:00,tax,zipcode,14,50.0,0.5,0.001702,0.000305,109215744,109215744,0,109215744,109215744,0,46234,1714,2064
2025-12-29T12:01:00,tax,zipcode,15,50.0,0.5,0.001694,0.000303,109215744,109215744,0,109215744,109215744,0,46234,1714,2064
2025-12-29T12:01:00,tax,zipcode,16,50.0,0.5,0.001674,0.000266,109215744,109215744,0,109215744,109215744,0,46234,1714,2064
2025-12-29T12:01:00,tax,zipcode,17,50.0,0.5,0.001697,0.000298,109215744,109215744,0,109215744,109215744,0,46234,1714,2064
2025-12-29T12:01:00,tax,zipcode,18,50.0,0.5,0.001677,0.000296,109215744,109215744,0,109215744,109215744,0,46234,1714,2064
2025-12-29T12:01:00,tax,zipcode,19,50.0,0.5,0.001715,0.000312,109215744,109215744,0,109215744,109215744,0,46234,1714,2064
2025-12-29T12:01:00,tax,zipcode,20,50.0,0.5,0.001618,0.000254,109215744,109215744,0,109215744,109215744,0,46234,1714,2064
2025-12-29T12:01:00,tax,zipcode,21,50.0,0.5,0.001873,0.000288,109215744,109215744,0,109215744,109215744,0,46234,1714,2064
2025-12-29T12:01:00,tax,zipcode,22,50.0,0.5,0.001734,0.000291,109215744,109215744,0,109215744,109215744,0,46234,1714,2064
2025-12-29T12:01:00,tax,zipcode,23,50.0,0.5,0.001705,0.000268,109215744,109215744,0,109215744,109215744,0,46234,1714,2064
2025-12-29T12:01:00,tax,zipcode,24,50.0,0.5,0.001909,0.000287,109215744,109215744,0,109215744,109215744,0,46234,1714,2064
2025-12-29T12:01:00,tax,zipcode,25,50.0,0.5,0.001739,0.000265,109215744,109215744,0,109215744,109215744,0,46234,1714,2064
2025-12-29T12:01:00,tax,zipcode,26,50.0,0.5,0.001641,0.000248,109215744,109215744,0,109215744,109215744,0,46234,1714,2064
2025-12-29T12:01:00,tax,zipcode,27,50.0,0.5,0.001648,0.000254,109215744,109215744,0,109215744,109215744,0,46234,1714,2064
2025-12-29T12:01:00,tax,zipcode,28,50.0,0.5,0.001605,0.000254,109215744,109215744,0,109215744,109215744,0,46234,1714,2064
2025-12-29T12:01:00,tax,zipcode,29,50.0,0.5,0.001650,0.000246,109215744,109215744,0,109215744,109215744,0,46234,1714,2064
2025-12-29T12:01:00,tax,zipcode,30,50.0,0.5,0.001636,0.000244,109215744,109215744,0,109215744,109215744,0,46234,1714,2064
2025-12-29T12:01:00,tax,zipcode,31,50.0,0.5,0.001723,0.000419,109215744,109215744,0,109215744,109215744,0,46234,1714,2064
2025-12-29T12:01:00,tax,zipcode,32,50.0,0.5,0.001796,0.000325,109215744,109215744,0,109215744,109215744,0,46234,1714,2064
2025-12-29T12:01:00,tax,zipcode,33,50.0,0.5,0.002155,0.000344,109215744,109215744,0,109215744,109215744,0,46234,1714,2064
2025-12-29T12:01:00,tax,zipcode,34,50.0,0.5,0.001725,0.000324,109215744,109215744,0,109215744,109215744,0,46234,1714,2064
2025-12-29T12:01:00,tax,zipcode,35,50.0,0.5,0.001763,0.000301,109215744,109215744,0,109215744,109215744,0,46234,1714,2064
2025-12-29T12:01:00,tax,zipcode,36,50.0,0.5,0.001651,0.000288,109215744,109215744,0,109215744,109215744,0,46234,1714,2064
2025-12-29T12:01:00,tax,zipcode,37,50.0,0.5,0.001798,0.000291,109215744,109215744,0,109215744,109215744,0,46234,1714,2064
2025-12-29T12:01:00,tax,zipcode,38,50.0,0.5,0.001690,0.000284,109215744,109215744,0,109215744,109215744,0,46234,1714,2064
2025-12-29T12:01:00,tax,zipcode,39,50.0,0.5,0.001610,0.000271,109215744,109215744,0,109215744,109215744,0,46234,1714,2064
2025-12-29T12:01:00,tax,zipcode,40,50.0,0.5,0.001582,0.000280,109215744,109215744,0,109215744,109215744,0,46234,1714,2064
2025-12-29T12:01:00,tax,zipcode,41,50.0,0.5,0.001673,0.000293,109215744,109215744,0,109215744,109215744,0,46234,1714,2064
2025-12-29T12:01:00,tax,zipcode,42,50.0,0.5,0.001631,0.000362,109215744,109215744,0,109215744,109215744,0,46234,1714,2064
2025-12-29T12:01:00,tax,zipcode,43,50.0,0.5,0.001686,0.000266,109215744,109215744,0,109215744,109215744,0,46234,1714,2064
2025-12-29T12:01:00,tax,zipcode,44,50.0,0.5,0.001645,0.000298,109215744,109215744,0,109215744,109215744,0,46234,1714,2064
2025-12-29T12:01:00,tax,zipcode,45,50.0,0.5,0.001716,0.000265,109215744,109215744,0,109215744,109215744,0,46234,1714,2064
2025-12-29T12:01:00,tax,zipcode,46,50.0,0.5,0.001634,0.000234,109215744,109215744,0,109215744,109215744,0,46234,1714,2064
2025-12-29T12:01:00,tax,zipcode,47,50.0,0.5,0.001587,0.000237,109215744,109215744,0,109215744,109215744,0,46234,1714,2064
2025-12-29T12:01:00,tax,zipcode,48,50.0,0.5,0.001590,0.000240,109215744,109215744,0,109215744,109215744,0,46234,1714,2064
2025-12-29T12:01:00,tax,zipcode,49,50.0,0.5,0.001653,0.000238,109215744,109215744,0,109215744,109215744,0,46234,1714,2064
2025-12-29T12:01:00,tax,zipcode,50,50.0,0.5,0.001573,0.000275,109215744,109215744,0,109215744,109215744,0,46234,1714,2064
2025-12-29T12:01:00,tax,zipcode,51,50.0,0.5,0.001597,0.000291,109215744,109215744,0,109215744,109215744,0,46234,1714,2064
2025-12-29T12:01:00,tax,zipcode,52,50.0,0.5,0.001655,0.000270,109215744,109215744,0,109215744,109215744,0,46234,1714,2064
2025-12-29T12:01:00,tax,zipcode,53,50.0,0.5,0.001698,0.000307,109215744,109215744,0,109215744,109215744,0,46234,1714,2064
2025-12-29T12:01:00,tax,zipcode,54,50.0,0.5,0.001857,0.000356,109215744,109215744,0,109215744,109215744,0,46234,1714,2064
2025-12-29T12:01:00,tax,zipcode,55,50.0,0.5,0.001831,0.000288,109215744,109215744,0,109215744,109215744,0,46234,1714,2064
2025-12-29T12:01:00,tax,zipcode,56,50.0,0.5,0.001713,0.000305,109215744,109215744,0,109215744,109215744,0,46234,1714,2064
2025-12-29T12:01:00,tax,zipcode,57,50.0,0.5,0.001731,0.000258,109215744,109215744,0,109215744,109215744,0,46234,1714,2064
2025-12-29T12:01:01,tax,zipcode,58,50.0,0.5,0.001637,0.000297,109215744,109215744,0,109215744,109215744,0,46234,1714,2064
2025-12-29T12:01:01,tax,zipcode,59,50.0,0.5,0.001665,0.000276,109215744,109215744,0,109215744,109215744,0,46234,1714,2064
2025-12-29T12:01:01,tax,zipcode,60,50.0,0.5,0.001651,0.000279,109215744,109215744,0,109215744,109215744,0,46234,1714,2064
2025-12-29T12:01:01,tax,zipcode,61,50.0,0.5,0.001664,0.000305,109215744,109215744,0,109215744,109215744,0,46234,1714,2064
2025-12-29T12:01:01,tax,zipcode,62,50.0,0.5,0.001699,0.000293,109215744,109215744,0,109215744,109215744,0,46234,1714,2064
2025-12-29T12:01:01,tax,zipcode,63,50.0,0.5,0.001667,0.000287,109215744,109215744,0,109215744,109215744,0,46234,1714,2064
2025-12-29T12:01:01,tax,zipcode,64,50.0,0.5,0.001671,0.000317,109215744,109215744,0,109215744,109215744,0,46234,1714,2064
2025-12-29T12:01:01,tax,zipcode,65,50.0,0.5,0.001748,0.000304,109215744,109215744,0,109215744,109215744,0,46234,1714,2064
2025-12-29T12:01:01,tax,zipcode,66,50.0,0.5,0.001625,0.000276,109215744,109215744,0,109215744,109215744,0,46234,1714,2064
2025-12-29T12:01:01,tax,zipcode,67,50.0,0.5,0.001683,0.000279,109215744,109215744,0,109215744,109215744,0,46234,1714,2064
2025-12-29T12:01:01,tax,zipcode,68,50.0,0.5,0.001667,0.000309,109215744,109215744,0,109215744,109215744,0,46234,1714,2064
2025-12-29T12:01:01,tax,zipcode,69,50.0,0.5,0.001631,0.000244,109215744,109215744,0,109215744,109215744,0,46234,1714,2064
2025-12-29T12:01:01,tax,zipcode,70,50.0,0.5,0.001597,0.000246,109215744,109215744,0,109215744,109215744,0,46234,1714,2064
2025-12-29T12:01:01,tax,zipcode,71,50.0,0.5,0.001607,0.000259,109215744,109215744,0,109215744,109215744,0,46234,1714,2064
2025-12-29T12:01:01,tax,zipcode,72,50.0,0.5,0.001615,0.000245,109215744,109215744,0,109215744,109215744,0,46234,1714,2064
2025-12-29T12:01:01,tax,zipcode,73,50.0,0.5,0.001624,0.000253,109215744,109215744,0,109215744,109215744,0,46234,1714,2064
2025-12-29T12:01:01,tax,zipcode,74,50.0,0.5,0.001593,0.000244,109215744,109215744,0,109215744,109215744,0,46234,1714,2064
2025-12-29T12:01:01,tax,zipcode,75,50.0,0.5,0.001602,0.000248,109215744,109215744,0,109215744,109215744,0,46234,1714,2064
2025-12-29T12:01:01,tax,zipcode,76,50.0,0.5,0.001606,0.000322,109215744,109215744,0,109215744,109215744,0,46234,1714,2064
2025-12-29T12:01:01,tax,zipcode,77,50.0,0.5,0.001639,0.000290,109215744,109215744,0,109215744,109215744,0,46234,1714,2064
2025-12-29T12:01:01,tax,zipcode,78,50.0,0.5,0.001607,0.000259,109215744,109215744,0,109215744,109215744,0,46234,1714,2064
2025-12-29T12:01:01,tax,zipcode,79,50.0,0.5,0.001604,0.000258,109215744,109215744,0,109215744,109215744,0,46234,1714,2064
2025-12-29T12:01:01,tax,zipcode,80,50.0,0.5,0.001826,0.000267,109215744,109215744,0,109215744,109215744,0,46234,1714,2064
2025-12-29T12:01:01,tax,zipcode,81,50.0,0.5,0.001631,0.000234,109215744,109215744,0,109215744,109215744,0,46234,1714,2064
2025-12-29T12:01:01,tax,zipcode,82,50.0,0.5,0.001603,0.000286,109215744,109215744,0,109215744,109215744,0,46234,1714,2064
2025-12-29T12:01:01,tax,zipcode,83,50.0,0.5,0.001645,0.000290,109215744,109215744,0,109215744,109215744,0,46234,1714,2064
2025-12-29T12:01:01,tax,zipcode,84,50.0,0.5,0.001701,0.000308,109215744,109215744,0,109215744,109215744,0,46234,1714,2064
2025-12-29T12:01:01,tax,zipcode,85,50.0,0.5,0.001695,0.000318,109215744,109215744,0,109215744,109215744,0,46234,1714,2064
2025-12-29T12:01:01,tax,zipcode,86,50.0,0.5,0.001681,0.000306,109215744,109215744,0,109215744,109215744,0,46234,1714,2064
2025-12-29T12:01:01,tax,zipcode,87,50.0,0.5,0.001738,0.000287,109215744,109215744,0,109215744,109215744,0,46234,1714,2064
2025-12-29T12:01:01,tax,zipcode,88,50.0,0.5,0.001625,0.000289,109215744,109215744,0,109215744,109215744,0,46234,1714,2064
2025-12-29T12:01:01,tax,zipcode,89,50.0,0.5,0.001757,0.000275,109215744,109215744,0,109215744,109215744,0,46234,1714,2064
2025-12-29T12:01:01,tax,zipcode,90,50.0,0.5,0.001802,0.000288,109215744,109215744,0,109215744,109215744,0,46234,1714,2064
2025-12-29T12:01:01,tax,zipcode,91,50.0,0.5,0.001700,0.000281,109215744,109215744,0,109215744,109215744,0,46234,1714,2064
2025-12-29T12:01:01,tax,zipcode,92,50.0,0.5,0.001750,0.000268,109215744,109215744,0,109215744,109215744,0,46234,1714,2064
2025-12-29T12:01:01,tax,zipcode,93,50.0,0.5,0.001617,0.000230,109215744,109215744,0,109215744,109215744,0,46234,1714,2064
2025-12-29T12:01:01,tax,zipcode,94,50.0,0.5,0.001586,0.000256,109215744,109215744,0,109215744,109215744,0,46234,1714,2064
2025-12-29T12:01:01,tax,zipcode,95,50.0,0.5,0.001609,0.000238,109215744,109215744,0,109215744,109215744,0,46234,1714,2064
2025-12-29T12:01:01,tax,zipcode,96,50.0,0.5,0.001595,0.000248,109215744,109215744,0,109215744,109215744,0,46234,1714,2064
2025-12-29T12:01:01,tax,zipcode,97,50.0,0.5,0.001605,0.000245,109215744,109215744,0,109215744,109215744,0,46234,1714,2064
2025-12-29T12:01:01,tax,zipcode,98,50.0,0.5,0.001593,0.000298,109215744,109215744,0,109215744,109215744,0,46234,1714,2064
2025-12-29T12:01:01,tax,zipcode,99,50.0,0.5,0.001773,0.000363,109215744,109215744,0,109215744,109215744,0,46234,1714,2064
2025-12-29T12:01:01,tax,zipcode,100,50.0,0.5,0.001768,0.000288,109215744,109215744,0,109215744,109215744,0,46234,1714,2064
