method,dataset,target_attribute,total_time,init_time,model_time,update_time,leakage,baseline_leakage_empty_mask,utility,blocked,total_paths,paths_blocked,num_paths,mask_size,memory_overhead_bytes,num_instantiated_cells,num_cells_updated,epsilon,lambda,lam,rho,tau,leakage_method,num_channel_edges,num_rdrs,greedy_time,inference_zone_size,denom_I_minus_1,total_time_minus_init
del2ph,airport,scheduled_service,0.010561943054199219,0.007674217224121094,0.001178741455078125,0.001708984375,0.2288821396123376,,-0.08333333333333333,0,1,0,1,2,38662,6,0,25.0,,0.75,,,greedy_disjoint,,,,,,0.002887725830078125
del2ph,airport,scheduled_service,0.0016169548034667969,0.0,3.4809112548828125e-05,0.0015821456909179688,0.2288821396123376,,-0.125,0,1,0,1,3,38808,6,0,25.0,,0.75,,,greedy_disjoint,,,,,,0.0016169548034667969
del2ph,airport,scheduled_service,0.0020575523376464844,0.0,0.00013637542724609375,0.0019211769104003906,0.2288821396123376,,-0.125,0,1,0,1,3,38808,6,0,25.0,,0.75,,,greedy_disjoint,,,,,,0.0020575523376464844
del2ph,airport,scheduled_service,0.0018701553344726562,0.0,0.00010800361633300781,0.0017621517181396484,0.2288821396123376,,-0.08333333333333333,0,1,0,1,2,38758,6,0,25.0,,0.75,,,greedy_disjoint,,,,,,0.0018701553344726562
del2ph,airport,scheduled_service,0.0019021034240722656,0.0,9.608268737792969e-05,0.001806020736694336,0.2288821396123376,,-0.16666666666666666,0,1,0,1,4,38857,6,0,25.0,,0.75,,,greedy_disjoint,,,,,,0.0019021034240722656
del2ph,airport,scheduled_service,0.0019490718841552734,0.0,0.00010609626770019531,0.0018429756164550781,0.2288821396123376,,-0.16666666666666666,0,1,0,1,4,38857,6,0,25.0,,0.75,,,greedy_disjoint,,,,,,0.0019490718841552734
del2ph,airport,scheduled_service,0.0027816295623779297,0.0,0.00015163421630859375,0.002629995346069336,0.0920468199405825,,-0.125,1,1,1,1,3,38810,6,0,25.0,,0.75,,,greedy_disjoint,,,,,,0.0027816295623779297
del2ph,airport,scheduled_service,0.002288341522216797,0.0,0.0001392364501953125,0.0021491050720214844,0.0920468199405825,,-0.125,1,1,1,1,3,38810,6,0,25.0,,0.75,,,greedy_disjoint,,,,,,0.002288341522216797
del2ph,airport,scheduled_service,0.0026972293853759766,0.0,0.00014495849609375,0.0025522708892822266,0.2288821396123376,,-0.08333333333333333,0,1,0,1,2,38758,6,0,25.0,,0.75,,,greedy_disjoint,,,,,,0.0026972293853759766
del2ph,airport,scheduled_service,0.00244903564453125,0.0,0.00014019012451171875,0.0023088455200195312,0.2288821396123376,,-0.16666666666666666,0,1,0,1,4,38857,6,0,25.0,,0.75,,,greedy_disjoint,,,,,,0.00244903564453125
del2ph,airport,scheduled_service,0.0024449825286865234,0.0,0.00012111663818359375,0.0023238658905029297,0.2288821396123376,,-0.125,0,1,0,1,3,38807,6,0,25.0,,0.75,,,greedy_disjoint,,,,,,0.0024449825286865234
del2ph,airport,scheduled_service,0.002911090850830078,0.0,0.00011396408081054688,0.0027971267700195312,0.37561473038408055,,-0.17754438112139376,4,5,4,5,2,38757,6,0,25.0,,0.75,,,greedy_disjoint,,,,,,0.002911090850830078
del2ph,airport,scheduled_service,0.0025107860565185547,0.0,0.0001227855682373047,0.00238800048828125,0.2288821396123376,,-0.16666666666666666,0,1,0,1,4,38857,6,0,25.0,,0.75,,,greedy_disjoint,,,,,,0.0025107860565185547
del2ph,airport,scheduled_service,0.004273176193237305,0.0,0.00017118453979492188,0.004101991653442383,0.2288821396123376,,-0.125,0,1,0,1,3,38808,6,0,25.0,,0.75,,,greedy_disjoint,,,,,,0.004273176193237305
del2ph,airport,scheduled_service,0.0019998550415039062,0.0,6.604194641113281e-05,0.0019338130950927734,0.0920468199405825,,-0.125,1,1,1,1,3,38810,6,0,25.0,,0.75,,,greedy_disjoint,,,,,,0.0019998550415039062
del2ph,airport,scheduled_service,0.0017399787902832031,0.0,9.608268737792969e-05,0.0016438961029052734,0.2288821396123376,,-0.08333333333333333,0,1,0,1,2,38758,6,0,25.0,,0.75,,,greedy_disjoint,,,,,,0.0017399787902832031
del2ph,airport,scheduled_service,0.001974344253540039,0.0,5.817413330078125e-05,0.0019161701202392578,0.2288821396123376,,-0.125,0,1,0,1,3,38807,6,0,25.0,,0.75,,,greedy_disjoint,,,,,,0.001974344253540039
del2ph,airport,scheduled_service,0.001699209213256836,0.0,5.91278076171875e-05,0.0016400814056396484,0.2288821396123376,,-0.08333333333333333,0,1,0,1,2,38758,6,0,25.0,,0.75,,,greedy_disjoint,,,,,,0.001699209213256836
del2ph,airport,scheduled_service,0.0015828609466552734,0.0,5.1975250244140625e-05,0.0015308856964111328,0.29185792416741285,,-0.1980601097922263,2,3,2,3,4,38864,6,0,25.0,,0.75,,,greedy_disjoint,,,,,,0.0015828609466552734
del2ph,airport,scheduled_service,0.0013551712036132812,0.0,4.315376281738281e-05,0.0013120174407958984,0.29185792416741285,,-0.1980601097922263,2,3,2,3,4,38864,6,0,25.0,,0.75,,,greedy_disjoint,,,,,,0.0013551712036132812
del2ph,airport,scheduled_service,0.002974987030029297,0.0,0.00015306472778320312,0.0028219223022460938,0.2288821396123376,,-0.16666666666666666,0,1,0,1,4,38857,6,0,25.0,,0.75,,,greedy_disjoint,,,,,,0.002974987030029297
del2ph,airport,scheduled_service,0.0016620159149169922,0.0,4.601478576660156e-05,0.0016160011291503906,0.0920468199405825,,-0.16666666666666666,1,1,1,1,4,38860,6,0,25.0,,0.75,,,greedy_disjoint,,,,,,0.0016620159149169922
del2ph,airport,scheduled_service,0.0017752647399902344,0.0,5.91278076171875e-05,0.0017161369323730469,0.2288821396123376,,-0.125,0,1,0,1,3,38807,6,0,25.0,,0.75,,,greedy_disjoint,,,,,,0.0017752647399902344
del2ph,airport,scheduled_service,0.0015988349914550781,0.0,4.076957702636719e-05,0.001558065414428711,0.2288821396123376,,-0.08333333333333333,0,1,0,1,2,38758,6,0,25.0,,0.75,,,greedy_disjoint,,,,,,0.0015988349914550781
del2ph,airport,scheduled_service,0.0015783309936523438,0.0,3.314018249511719e-05,0.0015451908111572266,0.2288821396123376,,-0.125,0,1,0,1,3,38808,6,0,25.0,,0.75,,,greedy_disjoint,,,,,,0.0015783309936523438
del2ph,airport,scheduled_service,0.001522064208984375,0.0,3.218650817871094e-05,0.001489877700805664,0.0920468199405825,,-0.16666666666666666,1,1,1,1,4,38860,6,0,25.0,,0.75,,,greedy_disjoint,,,,,,0.001522064208984375
del2ph,airport,scheduled_service,0.0015881061553955078,0.0,3.314018249511719e-05,0.0015549659729003906,0.2288821396123376,,-0.08333333333333333,0,1,0,1,2,38758,6,0,25.0,,0.75,,,greedy_disjoint,,,,,,0.0015881061553955078
del2ph,airport,scheduled_service,0.001600027084350586,0.0,3.504753112792969e-05,0.0015649795532226562,0.0920468199405825,,-0.16666666666666666,1,1,1,1,4,38860,6,0,25.0,,0.75,,,greedy_disjoint,,,,,,0.001600027084350586
del2ph,airport,scheduled_service,0.0013780593872070312,0.0,3.0994415283203125e-05,0.0013470649719238281,0.0920468199405825,,-0.20833333333333334,1,1,1,1,5,39165,6,0,25.0,,0.75,,,greedy_disjoint,,,,,,0.0013780593872070312
del2ph,airport,scheduled_service,0.001233816146850586,0.0,2.6941299438476562e-05,0.0012068748474121094,0.2288821396123376,,-0.125,0,1,0,1,3,38808,6,0,25.0,,0.75,,,greedy_disjoint,,,,,,0.001233816146850586
del2ph,airport,scheduled_service,0.0014791488647460938,0.0,3.314018249511719e-05,0.0014460086822509766,0.2288821396123376,,-0.20833333333333334,0,1,0,1,5,39163,6,0,25.0,,0.75,,,greedy_disjoint,,,,,,0.0014791488647460938
del2ph,airport,scheduled_service,0.0015368461608886719,0.0,2.6941299438476562e-05,0.0015099048614501953,0.2288821396123376,,-0.16666666666666666,0,1,0,1,4,38857,6,0,25.0,,0.75,,,greedy_disjoint,,,,,,0.0015368461608886719
del2ph,airport,scheduled_service,0.0016503334045410156,0.0,4.315376281738281e-05,0.0016071796417236328,0.0,,-0.25,0,-1,0,-1,6,39215,6,0,25.0,,0.75,,,greedy_disjoint,,,,,,0.0016503334045410156
del2ph,airport,scheduled_service,0.0018548965454101562,0.0,5.1975250244140625e-05,0.0018029212951660156,0.0920468199405825,,-0.16666666666666666,1,1,1,1,4,38860,6,0,25.0,,0.75,,,greedy_disjoint,,,,,,0.0018548965454101562
del2ph,airport,scheduled_service,0.0013997554779052734,0.0,4.887580871582031e-05,0.0013508796691894531,0.2790853616047787,,-0.18848068787025068,1,2,1,2,4,38865,6,0,25.0,,0.75,,,greedy_disjoint,,,,,,0.0013997554779052734
del2ph,airport,scheduled_service,0.0015740394592285156,0.0,4.696846008300781e-05,0.0015270709991455078,0.2790853616047787,,-0.18848068787025068,1,2,1,2,4,38865,6,0,25.0,,0.75,,,greedy_disjoint,,,,,,0.0015740394592285156
del2ph,airport,scheduled_service,0.0017578601837158203,0.0,5.6743621826171875e-05,0.0017011165618896484,0.2693617282096118,,-0.2228546294905422,0,1,0,1,5,39162,6,0,25.0,,0.75,,,greedy_disjoint,,,,,,0.0017578601837158203
del2ph,airport,scheduled_service,0.0020399093627929688,0.0,5.5789947509765625e-05,0.001984119415283203,0.2288821396123376,,-0.16666666666666666,0,1,0,1,4,38857,6,0,25.0,,0.75,,,greedy_disjoint,,,,,,0.0020399093627929688
del2ph,airport,scheduled_service,0.001605987548828125,0.0,5.2928924560546875e-05,0.0015530586242675781,0.07059070463900075,,-0.20833333333333334,1,1,1,1,5,39170,6,0,25.0,,0.75,,,greedy_disjoint,,,,,,0.001605987548828125
del2ph,airport,scheduled_service,0.003535032272338867,0.0,5.817413330078125e-05,0.003476858139038086,0.2288821396123376,,-0.16666666666666666,0,1,0,1,4,38857,6,0,25.0,,0.75,,,greedy_disjoint,,,,,,0.003535032272338867
del2ph,airport,scheduled_service,0.001646280288696289,0.0,6.103515625e-05,0.001585245132446289,0.2288821396123376,,-0.08333333333333333,0,1,0,1,2,38758,6,0,25.0,,0.75,,,greedy_disjoint,,,,,,0.001646280288696289
del2ph,airport,scheduled_service,0.00186920166015625,0.0,5.1021575927734375e-05,0.0018181800842285156,0.2288821396123376,,-0.08333333333333333,0,1,0,1,2,38758,6,0,25.0,,0.75,,,greedy_disjoint,,,,,,0.00186920166015625
del2ph,airport,scheduled_service,0.0013697147369384766,0.0,5.6743621826171875e-05,0.0013129711151123047,0.2288821396123376,,-0.125,0,1,0,1,3,38807,6,0,25.0,,0.75,,,greedy_disjoint,,,,,,0.0013697147369384766
del2ph,airport,scheduled_service,0.0012652873992919922,0.0,4.9114227294921875e-05,0.0012161731719970703,0.2288821396123376,,-0.08333333333333333,0,1,0,1,2,38758,6,0,25.0,,0.75,,,greedy_disjoint,,,,,,0.0012652873992919922
del2ph,airport,scheduled_service,0.0014369487762451172,0.0,5.793571472167969e-05,0.0013790130615234375,0.4697142498776278,,-0.24811902074155417,2,4,2,4,2,38755,6,0,25.0,,0.75,,,greedy_disjoint,,,,,,0.0014369487762451172
del2ph,airport,scheduled_service,0.0013892650604248047,0.0,5.412101745605469e-05,0.00133514404296875,0.3985802193778676,,-0.2364351645334007,1,3,1,3,3,38812,6,0,25.0,,0.75,,,greedy_disjoint,,,,,,0.0013892650604248047
del2ph,airport,scheduled_service,0.0011639595031738281,0.0,3.7670135498046875e-05,0.0011262893676757812,0.0920468199405825,,-0.16666666666666666,1,1,1,1,4,38859,6,0,25.0,,0.75,,,greedy_disjoint,,,,,,0.0011639595031738281
del2ph,airport,scheduled_service,0.001589059829711914,0.0,3.0994415283203125e-05,0.001558065414428711,0.2288821396123376,,-0.125,0,1,0,1,3,38808,6,0,25.0,,0.75,,,greedy_disjoint,,,,,,0.001589059829711914
del2ph,airport,scheduled_service,0.0015523433685302734,0.0,2.6226043701171875e-05,0.0015261173248291016,0.2288821396123376,,-0.125,0,1,0,1,3,38808,6,0,25.0,,0.75,,,greedy_disjoint,,,,,,0.0015523433685302734
del2ph,airport,scheduled_service,0.0015690326690673828,0.0,2.5033950805664062e-05,0.0015439987182617188,0.312315565021691,,-0.17173667376626825,2,3,2,3,3,38807,6,0,25.0,,0.75,,,greedy_disjoint,,,,,,0.0015690326690673828
del2ph,hospital,ProviderNumber,0.7470057010650635,0.7445948123931885,0.00011110305786132812,0.002299785614013672,0.5422684587046469,,-0.4067013440284852,3,6,3,6,3,860669,4,0,25.0,,0.75,,,greedy_disjoint,,,,,,0.002410888671875
del2ph,hospital,ProviderNumber,0.002068042755126953,0.0,0.00011801719665527344,0.0019500255584716797,0.37624468341594786,,-0.3446835125619609,4,6,4,6,4,861218,4,0,25.0,,0.75,,,greedy_disjoint,,,,,,0.002068042755126953
del2ph,hospital,ProviderNumber,0.0018231868743896484,0.0,0.00011610984802246094,0.0017070770263671875,0.5422684587046469,,-0.4067013440284852,3,6,3,6,3,861165,4,0,25.0,,0.75,,,greedy_disjoint,,,,,,0.0018231868743896484
del2ph,hospital,ProviderNumber,0.0022432804107666016,0.0,0.00011706352233886719,0.0021262168884277344,0.385599188513301,,-0.35169939138497575,24,25,24,25,4,861221,4,0,25.0,,0.75,,,greedy_disjoint,,,,,,0.0022432804107666016
del2ph,hospital,ProviderNumber,0.0023050308227539062,0.0,0.0001049041748046875,0.0022001266479492188,0.21945273335876703,,-0.25,32,32,32,32,4,861228,4,0,25.0,,0.75,,,greedy_disjoint,,,,,,0.0023050308227539062
del2ph,hospital,ProviderNumber,0.002067089080810547,0.0,0.00010204315185546875,0.001965045928955078,0.37624468341594786,,-0.2196835125619609,4,6,4,6,2,861121,4,0,25.0,,0.75,,,greedy_disjoint,,,,,,0.002067089080810547
del2ph,hospital,ProviderNumber,0.002084016799926758,0.0,0.00011920928955078125,0.0019648075103759766,0.26187931623708605,,-0.25890948717781453,23,24,23,24,4,861220,4,0,25.0,,0.75,,,greedy_disjoint,,,,,,0.002084016799926758
del2ph,hospital,ProviderNumber,0.0021800994873046875,0.0,0.0001220703125,0.0020580291748046875,0.26187931623708605,,-0.19640948717781453,12,13,12,13,3,861175,4,0,25.0,,0.75,,,greedy_disjoint,,,,,,0.0021800994873046875
del2ph,hospital,ProviderNumber,0.0020530223846435547,0.0,0.00014591217041015625,0.0019071102142333984,0.42853421735144903,,-0.3214006630135868,12,13,12,13,3,861175,4,0,25.0,,0.75,,,greedy_disjoint,,,,,,0.0020530223846435547
del2ph,hospital,ProviderNumber,0.0022170543670654297,0.0,0.00013017654418945312,0.0020868778228759766,0.37624468341594786,,-0.3446835125619609,7,9,7,9,4,861223,4,0,25.0,,0.75,,,greedy_disjoint,,,,,,0.0022170543670654297
del2ph,hospital,ProviderNumber,0.002355337142944336,0.0,0.00030732154846191406,0.002048015594482422,0.2629936790618288,,-0.2597452592963716,20,21,20,21,4,861222,4,0,25.0,,0.75,,,greedy_disjoint,,,,,,0.002355337142944336
del2ph,hospital,ProviderNumber,0.0022618770599365234,0.0,0.0003108978271484375,0.001950979232788086,0.26187931623708605,,-0.19640948717781453,12,13,12,13,3,861175,4,0,25.0,,0.75,,,greedy_disjoint,,,,,,0.0022618770599365234
del2ph,hospital,ProviderNumber,0.0026738643646240234,0.0,0.0003228187561035156,0.002351045608520508,0.4694541344903692,,-0.2895906008677769,4,6,4,6,2,861123,4,0,25.0,,0.75,,,greedy_disjoint,,,,,,0.0026738643646240234
del2ph,hospital,ProviderNumber,0.0021545886993408203,0.0,0.0002849102020263672,0.0018696784973144531,0.37624468341594786,,-0.2821835125619609,7,9,7,9,3,861166,4,0,25.0,,0.75,,,greedy_disjoint,,,,,,0.0021545886993408203
del2ph,hospital,ProviderNumber,0.002104520797729492,0.0,0.00013780593872070312,0.001966714859008789,0.37624468341594786,,-0.4071835125619609,23,25,23,25,5,861518,4,0,25.0,,0.75,,,greedy_disjoint,,,,,,0.002104520797729492
del2ph,hospital,ProviderNumber,0.0022971630096435547,0.0,0.00030112266540527344,0.0019960403442382812,0.385599188513301,,-0.41419939138497575,45,46,45,46,5,861529,4,0,25.0,,0.75,,,greedy_disjoint,,,,,,0.0022971630096435547
del2ph,hospital,ProviderNumber,0.0018360614776611328,0.0,0.0003180503845214844,0.0015180110931396484,0.42853421735144903,,-0.3839006630135868,24,25,24,25,4,861221,4,0,25.0,,0.75,,,greedy_disjoint,,,,,,0.0018360614776611328
del2ph,hospital,ProviderNumber,0.0027780532836914062,0.0,0.0003199577331542969,0.0024580955505371094,0.26187931623708605,,-0.25890948717781453,20,21,20,21,4,861222,4,0,25.0,,0.75,,,greedy_disjoint,,,,,,0.0027780532836914062
del2ph,hospital,ProviderNumber,0.002425670623779297,0.0,0.00020194053649902344,0.0022237300872802734,0.26187931623708605,,-0.19640948717781453,12,13,12,13,3,861175,4,0,25.0,,0.75,,,greedy_disjoint,,,,,,0.002425670623779297
del2ph,hospital,ProviderNumber,0.002092123031616211,0.0,0.0001201629638671875,0.0019719600677490234,0.21945273335876703,,-0.3125,60,60,60,60,5,861534,4,0,25.0,,0.75,,,greedy_disjoint,,,,,,0.002092123031616211
del2ph,hospital,ProviderNumber,0.002006053924560547,0.0,0.00011801719665527344,0.0018880367279052734,0.5422684587046469,,-0.4067013440284852,1,4,1,4,3,861173,4,0,25.0,,0.75,,,greedy_disjoint,,,,,,0.002006053924560547
del2ph,hospital,ProviderNumber,0.001741647720336914,0.0,0.00011587142944335938,0.0016257762908935547,0.4694541344903692,,-0.3520906008677769,8,10,8,10,3,861169,4,0,25.0,,0.75,,,greedy_disjoint,,,,,,0.001741647720336914
del2ph,hospital,ProviderNumber,0.001911163330078125,0.0,0.00011324882507324219,0.0017979145050048828,0.26187931623708605,,-0.25890948717781453,20,21,20,21,4,861222,4,0,25.0,,0.75,,,greedy_disjoint,,,,,,0.001911163330078125
del2ph,hospital,ProviderNumber,0.002031087875366211,0.0,0.00011110305786132812,0.0019199848175048828,0.385599188513301,,-0.35169939138497575,12,13,12,13,4,861224,4,0,25.0,,0.75,,,greedy_disjoint,,,,,,0.002031087875366211
del2ph,hospital,ProviderNumber,0.0018422603607177734,0.0,9.131431579589844e-05,0.001750946044921875,0.37624468341594786,,-0.3446835125619609,12,14,12,14,4,861217,4,0,25.0,,0.75,,,greedy_disjoint,,,,,,0.0018422603607177734
del2ph,hospital,ProviderNumber,0.002027750015258789,0.0,0.000102996826171875,0.001924753189086914,0.496195078521512,,-0.309646308891134,4,6,4,6,2,861122,4,0,25.0,,0.75,,,greedy_disjoint,,,,,,0.002027750015258789
del2ph,hospital,ProviderNumber,0.0020661354064941406,0.0,0.00011801719665527344,0.0019481182098388672,0.21945273335876703,,-0.25,32,32,32,32,4,861228,4,0,25.0,,0.75,,,greedy_disjoint,,,,,,0.0020661354064941406
del2ph,hospital,ProviderNumber,0.002083301544189453,0.0,0.00010204315185546875,0.0019812583923339844,0.26187931623708605,,-0.19640948717781453,12,13,12,13,3,861175,4,0,25.0,,0.75,,,greedy_disjoint,,,,,,0.002083301544189453
del2ph,hospital,ProviderNumber,0.0017757415771484375,0.0,0.00010800361633300781,0.0016677379608154297,0.26303652729247295,,-0.19727739546935472,12,13,12,13,3,861174,4,0,25.0,,0.75,,,greedy_disjoint,,,,,,0.0017757415771484375
del2ph,hospital,ProviderNumber,0.0018439292907714844,0.0,0.0001049041748046875,0.0017390251159667969,0.3592419527878562,,-0.3944314645908922,30,32,30,32,5,861516,4,0,25.0,,0.75,,,greedy_disjoint,,,,,,0.0018439292907714844
del2ph,hospital,ProviderNumber,0.0020329952239990234,0.0,0.00010085105895996094,0.0019321441650390625,0.3592419527878562,,-0.3944314645908922,30,32,30,32,5,861516,4,0,25.0,,0.75,,,greedy_disjoint,,,,,,0.0020329952239990234
del2ph,hospital,ProviderNumber,0.0018589496612548828,0.0,0.00010704994201660156,0.0017518997192382812,0.26303652729247295,,-0.32227739546935474,36,37,36,37,5,861534,4,0,25.0,,0.75,,,greedy_disjoint,,,,,,0.0018589496612548828
del2ph,hospital,ProviderNumber,0.001772165298461914,0.0,0.0001049041748046875,0.0016672611236572266,0.42853421735144903,,-0.4464006630135868,45,46,45,46,5,861533,4,0,25.0,,0.75,,,greedy_disjoint,,,,,,0.001772165298461914
del2ph,hospital,ProviderNumber,0.0020263195037841797,0.0,0.00010132789611816406,0.0019249916076660156,0.26187931623708605,,-0.32140948717781453,40,41,40,41,5,861534,4,0,25.0,,0.75,,,greedy_disjoint,,,,,,0.0020263195037841797
del2ph,hospital,ProviderNumber,0.0020546913146972656,0.0,0.00011587142944335938,0.0019388198852539062,0.21945273335876703,,-0.25,32,32,32,32,4,861228,4,0,25.0,,0.75,,,greedy_disjoint,,,,,,0.0020546913146972656
del2ph,hospital,ProviderNumber,0.0017933845520019531,0.0,0.00011515617370605469,0.0016782283782958984,0.6086948858179753,,-0.39402116436348145,2,5,2,5,2,861115,4,0,25.0,,0.75,,,greedy_disjoint,,,,,,0.0017933845520019531
del2ph,hospital,ProviderNumber,0.0017571449279785156,0.0,9.799003601074219e-05,0.0016591548919677734,0.24315756576632586,,-0.375,73,74,73,74,6,861581,4,0,25.0,,0.75,,,greedy_disjoint,,,,,,0.0017571449279785156
del2ph,hospital,ProviderNumber,0.0020418167114257812,0.0,9.703636169433594e-05,0.0019447803497314453,0.37624468341594786,,-0.2821835125619609,4,6,4,6,3,861171,4,0,25.0,,0.75,,,greedy_disjoint,,,,,,0.0020418167114257812
del2ph,hospital,ProviderNumber,0.002099275588989258,0.0,0.0001010894775390625,0.0019981861114501953,0.2629936790618288,,-0.3847452592963716,72,73,72,73,6,861570,4,0,25.0,,0.75,,,greedy_disjoint,,,,,,0.002099275588989258
del2ph,hospital,ProviderNumber,0.0025670528411865234,0.0,0.00011801719665527344,0.00244903564453125,0.2629936790618288,,-0.3847452592963716,72,73,72,73,6,861570,4,0,25.0,,0.75,,,greedy_disjoint,,,,,,0.0025670528411865234
del2ph,hospital,ProviderNumber,0.0018310546875,0.0,0.00015401840209960938,0.0016770362854003906,0.26303652729247295,,-0.25977739546935474,20,21,20,21,4,861221,4,0,25.0,,0.75,,,greedy_disjoint,,,,,,0.0018310546875
del2ph,hospital,ProviderNumber,0.002130746841430664,0.0,0.0001628398895263672,0.001967906951904297,0.5422684587046469,,-0.3442013440284852,1,4,1,4,2,861119,4,0,25.0,,0.75,,,greedy_disjoint,,,,,,0.002130746841430664
del2ph,hospital,ProviderNumber,0.002379179000854492,0.0,0.0002789497375488281,0.002100229263305664,0.385599188513301,,-0.5391993913849757,180,181,180,181,7,861620,4,0,25.0,,0.75,,,greedy_disjoint,,,,,,0.002379179000854492
del2ph,hospital,ProviderNumber,0.002305269241333008,0.0,0.00014710426330566406,0.0021581649780273438,0.385599188513301,,-0.47669939138497575,42,43,42,43,6,861584,4,0,25.0,,0.75,,,greedy_disjoint,,,,,,0.002305269241333008
del2ph,hospital,ProviderNumber,0.002396821975708008,0.0,0.0002887248992919922,0.0021080970764160156,0.385599188513301,,-0.28919939138497575,12,13,12,13,3,861176,4,0,25.0,,0.75,,,greedy_disjoint,,,,,,0.002396821975708008
del2ph,hospital,ProviderNumber,0.002146005630493164,0.0,0.00014019012451171875,0.0020058155059814453,0.261836400724347,,-0.32137730054326025,43,44,43,44,5,861524,4,0,25.0,,0.75,,,greedy_disjoint,,,,,,0.002146005630493164
del2ph,hospital,ProviderNumber,0.002569913864135742,0.0,0.0004899501800537109,0.0020799636840820312,0.5468475106079831,,-0.4726356329559873,8,10,8,10,4,861221,4,0,25.0,,0.75,,,greedy_disjoint,,,,,,0.002569913864135742
del2ph,hospital,ProviderNumber,0.0022971630096435547,0.0,0.00032520294189453125,0.0019719600677490234,0.6623992294064142,,-0.37179942205481065,0,4,0,4,1,861073,4,0,25.0,,0.75,,,greedy_disjoint,,,,,,0.0022971630096435547
del2ph,hospital,ProviderNumber,0.002530336380004883,0.0,0.0003483295440673828,0.0021820068359375,0.3166049127277152,,-0.4249536845457864,120,120,120,120,6,861587,4,0,25.0,,0.75,,,greedy_disjoint,,,,,,0.002530336380004883
del2ph,hospital,ProviderNumber,0.0024750232696533203,0.0,0.0003490447998046875,0.002125978469848633,0.496195078521512,,-0.372146308891134,7,9,7,9,3,861172,4,0,25.0,,0.75,,,greedy_disjoint,,,,,,0.0024750232696533203
del2ph,adult,education,11.309065341949463,11.306498050689697,0.0002770423889160156,0.0022902488708496094,0.23849378149221334,,-0.10714285714285714,20,22,20,22,3,3852649,7,0,25.0,,0.75,,,greedy_disjoint,,,,,,0.002567291259765625
del2ph,adult,education,0.0024280548095703125,0.0,0.00026297569274902344,0.002165079116821289,0.0017196176160243493,,-0.32142857142857145,891,891,891,891,9,3858140,7,0,25.0,,0.75,,,greedy_disjoint,,,,,,0.0024280548095703125
del2ph,adult,education,0.0029811859130859375,0.0,0.0002720355987548828,0.0027091503143310547,0.23045684770566632,,-0.17857142857142858,92,93,92,93,5,3857690,7,0,25.0,,0.75,,,greedy_disjoint,,,,,,0.0029811859130859375
del2ph,adult,education,0.002058267593383789,0.0,0.00025010108947753906,0.00180816650390625,0.26705947660928453,,-0.15565175031410625,3,9,3,9,4,3857378,7,0,25.0,,0.75,,,greedy_disjoint,,,,,,0.002058267593383789
del2ph,adult,education,0.0019383430480957031,0.0,0.00023603439331054688,0.0017023086547851562,0.1349492663536822,,-0.10714285714285714,6,10,6,10,3,3857337,7,0,25.0,,0.75,,,greedy_disjoint,,,,,,0.0019383430480957031
del2ph,adult,education,0.0019299983978271484,0.0,0.0002319812774658203,0.0016980171203613281,0.2726821726489278,,-0.08844020091526728,1,7,1,7,2,3857272,7,0,25.0,,0.75,,,greedy_disjoint,,,,,,0.0019299983978271484
del2ph,adult,education,0.0019669532775878906,0.0,0.0002810955047607422,0.0016858577728271484,0.0593446672320167,,-0.35714285714285715,0,2,0,2,10,3858198,7,0,25.0,,0.75,,,greedy_disjoint,,,,,,0.0019669532775878906
del2ph,adult,education,0.0021185874938964844,0.0,0.0002777576446533203,0.001840829849243164,0.20036608478191653,,-0.14285714285714285,18,22,18,22,4,3857369,7,0,25.0,,0.75,,,greedy_disjoint,,,,,,0.0021185874938964844
del2ph,adult,education,0.0020186901092529297,0.0,0.000270843505859375,0.0017478466033935547,0.35553545402526254,,-0.18629444766180403,10,13,10,13,3,3857337,7,0,25.0,,0.75,,,greedy_disjoint,,,,,,0.0020186901092529297
del2ph,adult,education,0.0022373199462890625,0.0,0.000263214111328125,0.0019741058349609375,0.31781854033277546,,-0.26514961953529587,128,129,128,129,6,3857751,7,0,25.0,,0.75,,,greedy_disjoint,,,,,,0.0022373199462890625
del2ph,adult,education,0.001789093017578125,0.0,0.00024199485778808594,0.001547098159790039,0.2726821726489278,,-0.1598687723438387,2,8,2,8,4,3857378,7,0,25.0,,0.75,,,greedy_disjoint,,,,,,0.001789093017578125
del2ph,adult,education,0.0018677711486816406,0.0,0.00024890899658203125,0.0016188621520996094,0.1349492663536822,,-0.17857142857142858,24,28,24,28,5,3857687,7,0,25.0,,0.75,,,greedy_disjoint,,,,,,0.0018677711486816406
del2ph,adult,education,0.002162456512451172,0.0,0.00023674964904785156,0.0019257068634033203,0.32542961625578326,,-0.1994293550489803,36,38,36,38,4,3857383,7,0,25.0,,0.75,,,greedy_disjoint,,,,,,0.002162456512451172
del2ph,adult,education,0.0024242401123046875,0.0,0.0002722740173339844,0.002151966094970703,0.25628917570674126,,-0.1475740246371988,11,16,11,16,4,3857375,7,0,25.0,,0.75,,,greedy_disjoint,,,,,,0.0024242401123046875
del2ph,adult,education,0.0024328231811523438,0.0,0.00038886070251464844,0.0020439624786376953,0.15519851324930045,,-0.21428571428571427,162,163,162,163,6,3857732,7,0,25.0,,0.75,,,greedy_disjoint,,,,,,0.0024328231811523438
del2ph,adult,education,0.002229928970336914,0.0,0.0002639293670654297,0.0019659996032714844,0.12250505511270016,,-0.21428571428571427,88,91,88,91,6,3857741,7,0,25.0,,0.75,,,greedy_disjoint,,,,,,0.002229928970336914
del2ph,adult,education,0.0021660327911376953,0.0,0.0002467632293701172,0.0019192695617675781,0.3506477835842329,,-0.25405726625960323,40,43,40,43,5,3857703,7,0,25.0,,0.75,,,greedy_disjoint,,,,,,0.0021660327911376953
del2ph,adult,education,0.00179290771484375,0.0,0.0002410411834716797,0.0015518665313720703,0.34919727713483184,,-0.28868367213683815,142,144,142,144,6,3857755,7,0,25.0,,0.75,,,greedy_disjoint,,,,,,0.00179290771484375
del2ph,adult,education,0.0022537708282470703,0.0,0.0002357959747314453,0.002017974853515625,0.11460833834128525,,-0.25,284,285,284,285,7,3857787,7,0,25.0,,0.75,,,greedy_disjoint,,,,,,0.0022537708282470703
del2ph,adult,education,0.002241849899291992,0.0,0.0002677440643310547,0.0019741058349609375,0.13087475091314593,,-0.21428571428571427,36,40,36,40,6,3857740,7,0,25.0,,0.75,,,greedy_disjoint,,,,,,0.002241849899291992
del2ph,adult,education,0.002525806427001953,0.0,0.00026702880859375,0.002258777618408203,0.25235618062683896,,-0.2160528497558435,96,99,96,99,6,3857741,7,0,25.0,,0.75,,,greedy_disjoint,,,,,,0.002525806427001953
del2ph,adult,education,0.0022842884063720703,0.0,0.000247955322265625,0.0020363330841064453,0.14441706187422365,,-0.25,238,240,238,240,7,3857785,7,0,25.0,,0.75,,,greedy_disjoint,,,,,,0.0022842884063720703
del2ph,adult,education,0.0031080245971679688,0.0,0.00024008750915527344,0.0028679370880126953,0.21817110048463362,,-0.21428571428571427,52,56,52,56,6,3857743,7,0,25.0,,0.75,,,greedy_disjoint,,,,,,0.0031080245971679688
del2ph,adult,education,0.0020074844360351562,0.0,0.0002391338348388672,0.001768350601196289,0.378659399572999,,-0.2036374068226064,7,12,7,12,3,3857325,7,0,25.0,,0.75,,,greedy_disjoint,,,,,,0.0020074844360351562
del2ph,adult,education,0.001825571060180664,0.0,0.00023293495178222656,0.0015926361083984375,0.13199169267231325,,-0.17857142857142858,72,74,72,74,5,3857709,7,0,25.0,,0.75,,,greedy_disjoint,,,,,,0.001825571060180664
del2ph,adult,education,0.003016233444213867,0.0,0.0002760887145996094,0.002740144729614258,0.21288031525530426,,-0.14285714285714285,22,26,22,26,4,3857383,7,0,25.0,,0.75,,,greedy_disjoint,,,,,,0.003016233444213867
del2ph,adult,education,0.0020699501037597656,0.0,0.000270843505859375,0.0017991065979003906,0.0787065839718265,,-0.17857142857142858,46,48,46,48,5,3857688,7,0,25.0,,0.75,,,greedy_disjoint,,,,,,0.0020699501037597656
del2ph,adult,education,0.0021047592163085938,0.0,0.00026297569274902344,0.0018417835235595703,0.3311391492537116,,-0.20371150479742653,18,22,18,22,4,3857388,7,0,25.0,,0.75,,,greedy_disjoint,,,,,,0.0021047592163085938
del2ph,adult,education,0.0018887519836425781,0.0,0.00024080276489257812,0.00164794921875,0.09489083817794508,,-0.21428571428571427,69,72,69,72,6,3857754,7,0,25.0,,0.75,,,greedy_disjoint,,,,,,0.0018887519836425781
del2ph,adult,education,0.001987934112548828,0.0,0.00023698806762695312,0.001750946044921875,0.38079636632704184,,-0.27666870331670995,36,40,36,40,5,3857706,7,0,25.0,,0.75,,,greedy_disjoint,,,,,,0.001987934112548828
del2ph,adult,education,0.0023758411407470703,0.0,0.0002338886260986328,0.0021419525146484375,0.23014175185162633,,-0.17857142857142858,73,74,73,74,5,3857696,7,0,25.0,,0.75,,,greedy_disjoint,,,,,,0.0023758411407470703
del2ph,adult,education,0.0024421215057373047,0.0,0.00029206275939941406,0.0021500587463378906,0.08433566632966505,,-0.21428571428571427,130,131,130,131,6,3857750,7,0,25.0,,0.75,,,greedy_disjoint,,,,,,0.0024421215057373047
del2ph,adult,education,0.002150297164916992,0.0,0.0002732276916503906,0.0018770694732666016,0.12109595070347001,,-0.17857142857142858,82,82,82,82,5,3857687,7,0,25.0,,0.75,,,greedy_disjoint,,,,,,0.002150297164916992
del2ph,adult,education,0.0020799636840820312,0.0,0.0002560615539550781,0.0018239021301269531,0.20036608478191653,,-0.07142857142857142,6,10,6,10,2,3857273,7,0,25.0,,0.75,,,greedy_disjoint,,,,,,0.0020799636840820312
del2ph,adult,education,0.0018811225891113281,0.0,0.0002472400665283203,0.0016338825225830078,0.26221932193872965,,-0.08059306288261867,4,9,4,9,2,3857271,7,0,25.0,,0.75,,,greedy_disjoint,,,,,,0.0018811225891113281
del2ph,adult,education,0.0017323493957519531,0.0,0.0002334117889404297,0.0014989376068115234,0.06768853585968704,,-0.14285714285714285,42,43,42,43,4,3857388,7,0,25.0,,0.75,,,greedy_disjoint,,,,,,0.0017323493957519531
del2ph,adult,education,0.002106904983520508,0.0,0.00026917457580566406,0.0018377304077148438,0.1349492663536822,,-0.17857142857142858,26,30,26,30,5,3857689,7,0,25.0,,0.75,,,greedy_disjoint,,,,,,0.002106904983520508
del2ph,adult,education,0.002895355224609375,0.0,0.0002732276916503906,0.0026221275329589844,0.2738806717959613,,-0.1250533609898281,10,14,10,14,3,3857342,7,0,25.0,,0.75,,,greedy_disjoint,,,,,,0.002895355224609375
del2ph,adult,education,0.0018892288208007812,0.0,0.00027298927307128906,0.0016162395477294922,0.2632106059361412,,-0.18847938302353448,50,53,50,53,5,3857691,7,0,25.0,,0.75,,,greedy_disjoint,,,,,,0.0018892288208007812
del2ph,adult,education,0.0022482872009277344,0.0,0.0002541542053222656,0.0019941329956054688,0.23849378149221334,,-0.14285714285714285,39,41,39,41,4,3857390,7,0,25.0,,0.75,,,greedy_disjoint,,,,,,0.0022482872009277344
del2ph,adult,education,0.0020918846130371094,0.0,0.000247955322265625,0.0018439292907714844,0.20045537861017348,,-0.17857142857142858,96,96,96,96,5,3857691,7,0,25.0,,0.75,,,greedy_disjoint,,,,,,0.0020918846130371094
del2ph,adult,education,0.0019178390502929688,0.0,0.00024390220642089844,0.0016739368438720703,0.02297331120107826,,-0.21428571428571427,152,153,152,153,6,3857736,7,0,25.0,,0.75,,,greedy_disjoint,,,,,,0.0019178390502929688
del2ph,adult,education,0.0020194053649902344,0.0,0.000244140625,0.0017752647399902344,0.01083454476622181,,-0.25,264,264,264,264,7,3857788,7,0,25.0,,0.75,,,greedy_disjoint,,,,,,0.0020194053649902344
del2ph,adult,education,0.0021429061889648438,0.0,0.0002849102020263672,0.0018579959869384766,0.21936187862552803,,-0.17857142857142858,26,30,26,30,5,3857700,7,0,25.0,,0.75,,,greedy_disjoint,,,,,,0.0021429061889648438
del2ph,adult,education,0.0020258426666259766,0.0,0.00026297569274902344,0.0017628669738769531,0.11528717032436842,,-0.2857142857142857,144,147,144,147,8,3858095,7,0,25.0,,0.75,,,greedy_disjoint,,,,,,0.0020258426666259766
del2ph,adult,education,0.0020563602447509766,0.0,0.0002582073211669922,0.0017981529235839844,0.0487171580968182,,-0.14285714285714285,40,41,40,41,4,3857387,7,0,25.0,,0.75,,,greedy_disjoint,,,,,,0.0020563602447509766
del2ph,adult,education,0.001993894577026367,0.0,0.0002429485321044922,0.001750946044921875,0.395391227220634,,-0.2876148489869041,23,26,23,26,5,3857688,7,0,25.0,,0.75,,,greedy_disjoint,,,,,,0.001993894577026367
del2ph,adult,education,0.0019409656524658203,0.0,0.00023603439331054688,0.0017049312591552734,0.11856854217121648,,-0.17857142857142858,74,76,74,76,5,3857700,7,0,25.0,,0.75,,,greedy_disjoint,,,,,,0.0019409656524658203
del2ph,adult,education,0.0018742084503173828,0.0,0.00023412704467773438,0.0016400814056396484,0.05327840052808974,,-0.21428571428571427,196,196,196,196,6,3857762,7,0,25.0,,0.75,,,greedy_disjoint,,,,,,0.0018742084503173828
del2ph,adult,education,0.0017991065979003906,0.0,0.0002510547637939453,0.0015480518341064453,0.09822330773503263,,-0.17857142857142858,63,65,63,65,5,3857691,7,0,25.0,,0.75,,,greedy_disjoint,,,,,,0.0017991065979003906
del2ph,flight,FlightNum,55.897358894348145,55.8943088054657,0.0004851818084716797,0.0025649070739746094,0.1394367790158626,,-0.25,192,192,192,192,7,7979091,7,0,25.0,,0.75,,,greedy_disjoint,,,,,,0.003050088882446289
del2ph,flight,FlightNum,0.0025730133056640625,0.0,0.0005929470062255859,0.0019800662994384766,0.3392702147957348,,-0.2455240896682297,24,26,24,26,5,7984027,7,0,25.0,,0.75,,,greedy_disjoint,,,,,,0.0025730133056640625
del2ph,flight,FlightNum,0.002454996109008789,0.0,0.0004820823669433594,0.0019729137420654297,0.3888610992826528,,-0.24700296731913243,20,22,20,22,4,7983726,7,0,25.0,,0.75,,,greedy_disjoint,,,,,,0.002454996109008789
del2ph,flight,FlightNum,0.002593994140625,0.0,0.0005099773406982422,0.002084016799926758,0.13945845101326704,,-0.21428571428571427,56,56,56,56,6,7984079,7,0,25.0,,0.75,,,greedy_disjoint,,,,,,0.002593994140625
del2ph,flight,FlightNum,0.002348661422729492,0.0,0.0004918575286865234,0.0018568038940429688,0.3888610992826528,,-0.31843153874770386,80,82,80,82,6,7984079,7,0,25.0,,0.75,,,greedy_disjoint,,,,,,0.002348661422729492
del2ph,flight,FlightNum,0.0021979808807373047,0.0,0.0005459785461425781,0.0016520023345947266,0.15842043173269837,,-0.2857142857142857,288,288,288,288,8,7984448,7,0,25.0,,0.75,,,greedy_disjoint,,,,,,0.0021979808807373047
del2ph,flight,FlightNum,0.0027229785919189453,0.0,0.00048089027404785156,0.0022420883178710938,0.13945845101326704,,-0.14285714285714285,28,28,28,28,4,7983725,7,0,25.0,,0.75,,,greedy_disjoint,,,,,,0.0027229785919189453
del2ph,flight,FlightNum,0.0025670528411865234,0.0,0.0005280971527099609,0.0020389556884765625,0.1394367790158626,,-0.25,168,168,168,168,7,7984141,7,0,25.0,,0.75,,,greedy_disjoint,,,,,,0.0025670528411865234
del2ph,flight,FlightNum,0.0025920867919921875,0.0,0.0005350112915039062,0.0020570755004882812,0.15842043173269837,,-0.21428571428571427,96,96,96,96,6,7984090,7,0,25.0,,0.75,,,greedy_disjoint,,,,,,0.0025920867919921875
del2ph,flight,FlightNum,0.0026361942291259766,0.0,0.0005910396575927734,0.002045154571533203,0.1394367790158626,,-0.2857142857142857,288,288,288,288,8,7984453,7,0,25.0,,0.75,,,greedy_disjoint,,,,,,0.0026361942291259766
del2ph,flight,FlightNum,0.0023949146270751953,0.0,0.0005419254302978516,0.0018529891967773438,0.13945845101326704,,-0.25,176,176,176,176,7,7984142,7,0,25.0,,0.75,,,greedy_disjoint,,,,,,0.0023949146270751953
del2ph,flight,FlightNum,0.002212047576904297,0.0,0.0005490779876708984,0.0016629695892333984,0.31878109817369427,,-0.3015858236302707,174,175,174,175,7,7984125,7,0,25.0,,0.75,,,greedy_disjoint,,,,,,0.002212047576904297
del2ph,flight,FlightNum,0.0025823116302490234,0.0,0.0005402565002441406,0.002042055130004883,0.3888610992826528,,-0.3898601101762753,280,282,280,282,8,7984449,7,0,25.0,,0.75,,,greedy_disjoint,,,,,,0.0025823116302490234
del2ph,flight,FlightNum,0.002839326858520508,0.0,0.00047206878662109375,0.002367258071899414,0.33927960532222134,,-0.28124541827738025,80,82,80,82,6,7984090,7,0,25.0,,0.75,,,greedy_disjoint,,,,,,0.002839326858520508
del2ph,flight,FlightNum,0.002638101577758789,0.0,0.0005340576171875,0.002104043960571289,0.3243790969374609,,-0.27007003698880994,96,98,96,98,6,7984086,7,0,25.0,,0.75,,,greedy_disjoint,,,,,,0.002638101577758789
del2ph,flight,FlightNum,0.0035326480865478516,0.0,0.0005309581756591797,0.003001689910888672,0.13945845101326704,,-0.21428571428571427,88,88,88,88,6,7984087,7,0,25.0,,0.75,,,greedy_disjoint,,,,,,0.0035326480865478516
del2ph,flight,FlightNum,0.002562284469604492,0.0,0.0005919933319091797,0.0019702911376953125,0.1584218186044405,,-0.21428571428571427,80,80,80,80,6,7984087,7,0,25.0,,0.75,,,greedy_disjoint,,,,,,0.002562284469604492
del2ph,flight,FlightNum,0.002086162567138672,0.0,0.0005502700805664062,0.0015358924865722656,0.15842043173269837,,-0.2857142857142857,336,336,336,336,8,7984445,7,0,25.0,,0.75,,,greedy_disjoint,,,,,,0.002086162567138672
del2ph,flight,FlightNum,0.002584218978881836,0.0,0.0005402565002441406,0.0020439624786376953,0.13945845101326704,,-0.2857142857142857,352,352,352,352,8,7984445,7,0,25.0,,0.75,,,greedy_disjoint,,,,,,0.002584218978881836
del2ph,flight,FlightNum,0.002238035202026367,0.0,0.00047588348388671875,0.0017621517181396484,0.13945845101326704,,-0.32142857142857145,384,384,384,384,9,7984508,7,0,25.0,,0.75,,,greedy_disjoint,,,,,,0.002238035202026367
del2ph,flight,FlightNum,0.0024268627166748047,0.0,0.0004811286926269531,0.0019457340240478516,0.09019085633350998,,-0.14285714285714285,16,16,16,16,4,7983723,7,0,25.0,,0.75,,,greedy_disjoint,,,,,,0.0024268627166748047
del2ph,flight,FlightNum,0.002686023712158203,0.0,0.0005350112915039062,0.002151012420654297,0.40723309912328776,,-0.29649625291389436,36,39,36,39,5,7984028,7,0,25.0,,0.75,,,greedy_disjoint,,,,,,0.002686023712158203
del2ph,flight,FlightNum,0.0021729469299316406,0.0,0.0005848407745361328,0.0015881061553955078,0.06966813753993706,,-0.21428571428571427,96,96,96,96,6,7984082,7,0,25.0,,0.75,,,greedy_disjoint,,,,,,0.0021729469299316406
del2ph,flight,FlightNum,0.0025529861450195312,0.0,0.0007488727569580078,0.0018041133880615234,0.13945845101326704,,-0.32142857142857145,384,384,384,384,9,7984500,7,0,25.0,,0.75,,,greedy_disjoint,,,,,,0.0025529861450195312
del2ph,flight,FlightNum,0.002669095993041992,0.0,0.0006101131439208984,0.0020589828491210938,0.1394367790158626,,-0.21428571428571427,112,112,112,112,6,7984087,7,0,25.0,,0.75,,,greedy_disjoint,,,,,,0.002669095993041992
del2ph,flight,FlightNum,0.0024030208587646484,0.0,0.0005199909210205078,0.0018830299377441406,0.40723309912328776,,-0.3679248243424658,108,111,108,111,7,7984142,7,0,25.0,,0.75,,,greedy_disjoint,,,,,,0.0024030208587646484
del2ph,flight,FlightNum,0.002355813980102539,0.0,0.0006299018859863281,0.001725912094116211,0.09019085633350998,,-0.14285714285714285,16,16,16,16,4,7983723,7,0,25.0,,0.75,,,greedy_disjoint,,,,,,0.002355813980102539
del2ph,flight,FlightNum,0.0026841163635253906,0.0,0.0005991458892822266,0.002084970474243164,0.40723309912328776,,-0.33221053862818006,42,45,42,45,6,7984085,7,0,25.0,,0.75,,,greedy_disjoint,,,,,,0.0026841163635253906
del2ph,flight,FlightNum,0.002537250518798828,0.0,0.0005891323089599609,0.0019481182098388672,0.3888610992826528,,-0.3541458244619896,120,122,120,122,7,7984127,7,0,25.0,,0.75,,,greedy_disjoint,,,,,,0.002537250518798828
del2ph,flight,FlightNum,0.0026159286499023438,0.0,0.0005319118499755859,0.002084016799926758,0.15842043173269837,,-0.21428571428571427,96,96,96,96,6,7984078,7,0,25.0,,0.75,,,greedy_disjoint,,,,,,0.0026159286499023438
del2ph,flight,FlightNum,0.0025091171264648438,0.0,0.000514984130859375,0.0019941329956054688,0.1200263947623631,,-0.32142857142857145,256,256,256,256,9,7984509,7,0,25.0,,0.75,,,greedy_disjoint,,,,,,0.0025091171264648438
del2ph,flight,FlightNum,0.0026671886444091797,0.0,0.0006060600280761719,0.002061128616333008,0.12987771503390988,,-0.14285714285714285,32,32,32,32,4,7983728,7,0,25.0,,0.75,,,greedy_disjoint,,,,,,0.0026671886444091797
del2ph,flight,FlightNum,0.0025849342346191406,0.0,0.0005629062652587891,0.0020220279693603516,0.15842222779664872,,-0.35714285714285715,1120,1120,1120,1120,10,7984558,7,0,25.0,,0.75,,,greedy_disjoint,,,,,,0.0025849342346191406
del2ph,flight,FlightNum,0.002298593521118164,0.0,0.0004887580871582031,0.001809835433959961,0.3888610992826528,,-0.31843153874770386,80,82,80,82,6,7984076,7,0,25.0,,0.75,,,greedy_disjoint,,,,,,0.002298593521118164
del2ph,flight,FlightNum,0.0024118423461914062,0.0,0.0005319118499755859,0.0018799304962158203,0.3628881434949639,,-0.40609467904979435,612,613,612,613,9,7984487,7,0,25.0,,0.75,,,greedy_disjoint,,,,,,0.0024118423461914062
del2ph,flight,FlightNum,0.002259969711303711,0.0,0.0004930496215820312,0.0017669200897216797,0.40723309912328776,,-0.29649625291389436,36,39,36,39,5,7984024,7,0,25.0,,0.75,,,greedy_disjoint,,,,,,0.002259969711303711
del2ph,flight,FlightNum,0.002203702926635742,0.0,0.0005218982696533203,0.0016818046569824219,0.13945845101326704,,-0.2857142857142857,192,192,192,192,8,7984458,7,0,25.0,,0.75,,,greedy_disjoint,,,,,,0.002203702926635742
del2ph,flight,FlightNum,0.0029039382934570312,0.0,0.0004799365997314453,0.002424001693725586,0.42505280164207304,,-0.34557531551726905,40,44,40,44,6,7984072,7,0,25.0,,0.75,,,greedy_disjoint,,,,,,0.0029039382934570312
del2ph,flight,FlightNum,0.0026001930236816406,0.0,0.0004782676696777344,0.0021219253540039062,0.15842043173269837,,-0.17857142857142858,56,56,56,56,5,7984030,7,0,25.0,,0.75,,,greedy_disjoint,,,,,,0.0026001930236816406
del2ph,flight,FlightNum,0.002465963363647461,0.0,0.0006239414215087891,0.0018420219421386719,0.3888610992826528,,-0.3541458244619896,80,82,80,82,7,7984138,7,0,25.0,,0.75,,,greedy_disjoint,,,,,,0.002465963363647461
del2ph,flight,FlightNum,0.002629995346069336,0.0,0.0005691051483154297,0.0020608901977539062,0.15842043173269837,,-0.21428571428571427,112,112,112,112,6,7984091,7,0,25.0,,0.75,,,greedy_disjoint,,,,,,0.002629995346069336
del2ph,flight,FlightNum,0.0025322437286376953,0.0,0.0005331039428710938,0.0019991397857666016,0.29181776730594255,,-0.3170776111937426,512,512,512,512,8,7984440,7,0,25.0,,0.75,,,greedy_disjoint,,,,,,0.0025322437286376953
del2ph,flight,FlightNum,0.0026848316192626953,0.0,0.0004940032958984375,0.002190828323364258,0.1394395783624447,,-0.35714285714285715,640,640,640,640,10,7984554,7,0,25.0,,0.75,,,greedy_disjoint,,,,,,0.0026848316192626953
del2ph,flight,FlightNum,0.002396106719970703,0.0,0.0004839897155761719,0.0019121170043945312,0.33925983638050783,,-0.24551630585680945,40,42,40,42,5,7984035,7,0,25.0,,0.75,,,greedy_disjoint,,,,,,0.002396106719970703
del2ph,flight,FlightNum,0.0025949478149414062,0.0,0.0005071163177490234,0.002087831497192383,0.42505280164207304,,-0.27414674408869766,8,12,8,12,4,7983719,7,0,25.0,,0.75,,,greedy_disjoint,,,,,,0.0025949478149414062
del2ph,flight,FlightNum,0.0025620460510253906,0.0,0.0005772113800048828,0.001984834671020508,0.15842043173269837,,-0.25,224,224,224,224,7,7984146,7,0,25.0,,0.75,,,greedy_disjoint,,,,,,0.0025620460510253906
del2ph,flight,FlightNum,0.002691984176635742,0.0,0.0007259845733642578,0.0019659996032714844,0.38883889359548085,,-0.3898434559108963,272,274,272,274,8,7984430,7,0,25.0,,0.75,,,greedy_disjoint,,,,,,0.002691984176635742
del2ph,flight,FlightNum,0.0024492740631103516,0.0,0.0005381107330322266,0.001911163330078125,0.13945845101326704,,-0.2857142857142857,192,192,192,192,8,7984453,7,0,25.0,,0.75,,,greedy_disjoint,,,,,,0.0024492740631103516
del2ph,flight,FlightNum,0.0022199153900146484,0.0,0.0005259513854980469,0.0016939640045166016,0.42978650770651994,,-0.2419827379227471,8,12,8,12,3,7983664,7,0,25.0,,0.75,,,greedy_disjoint,,,,,,0.0022199153900146484
del2ph,flight,FlightNum,0.002507925033569336,0.0,0.0005388259887695312,0.0019690990447998047,0.09019085633350998,,-0.17857142857142858,28,28,28,28,5,7984036,7,0,25.0,,0.75,,,greedy_disjoint,,,,,,0.002507925033569336
del2ph,tax,marital_status,0.0046961307525634766,0.0028290748596191406,4.100799560546875e-05,0.0018260478973388672,0.0,,-0.16666666666666666,0,-1,0,-1,2,6824,3,0,25.0,,0.75,,,greedy_disjoint,,,,,,0.001867055892944336
del2ph,tax,marital_status,0.0015189647674560547,0.0,6.008148193359375e-05,0.001458883285522461,0.0,,-0.16666666666666666,0,-1,0,-1,2,6872,3,0,25.0,,0.75,,,greedy_disjoint,,,,,,0.0015189647674560547
del2ph,tax,marital_status,0.0015819072723388672,0.0,5.888938903808594e-05,0.0015230178833007812,0.0,,-0.16666666666666666,0,-1,0,-1,2,6872,3,0,25.0,,0.75,,,greedy_disjoint,,,,,,0.0015819072723388672
del2ph,tax,marital_status,0.0013861656188964844,0.0,3.504753112792969e-05,0.0013511180877685547,0.0,,-0.16666666666666666,0,-1,0,-1,2,6872,3,0,25.0,,0.75,,,greedy_disjoint,,,,,,0.0013861656188964844
del2ph,tax,marital_status,0.0017819404602050781,0.0,5.888938903808594e-05,0.0017230510711669922,0.0,,-0.16666666666666666,0,-1,0,-1,2,6872,3,0,25.0,,0.75,,,greedy_disjoint,,,,,,0.0017819404602050781
del2ph,tax,marital_status,0.001531839370727539,0.0,6.29425048828125e-05,0.0014688968658447266,0.0,,-0.16666666666666666,0,-1,0,-1,2,6872,3,0,25.0,,0.75,,,greedy_disjoint,,,,,,0.001531839370727539
del2ph,tax,marital_status,0.0019059181213378906,0.0,5.0067901611328125e-05,0.0018558502197265625,0.0,,-0.16666666666666666,0,-1,0,-1,2,6872,3,0,25.0,,0.75,,,greedy_disjoint,,,,,,0.0019059181213378906
del2ph,tax,marital_status,0.0018372535705566406,0.0,0.00010013580322265625,0.0017371177673339844,0.0,,-0.25,0,-1,0,-1,3,6924,3,0,25.0,,0.75,,,greedy_disjoint,,,,,,0.0018372535705566406
del2ph,tax,marital_status,0.0021202564239501953,0.0,0.0001571178436279297,0.0019631385803222656,0.0,,-0.16666666666666666,0,-1,0,-1,2,6872,3,0,25.0,,0.75,,,greedy_disjoint,,,,,,0.0021202564239501953
del2ph,tax,marital_status,0.002740144729614258,0.0,0.00018095970153808594,0.002559185028076172,0.0,,-0.16666666666666666,0,-1,0,-1,2,6872,3,0,25.0,,0.75,,,greedy_disjoint,,,,,,0.002740144729614258
del2ph,tax,marital_status,0.0028793811798095703,0.0,9.107589721679688e-05,0.0027883052825927734,0.0,,-0.16666666666666666,0,-1,0,-1,2,6872,3,0,25.0,,0.75,,,greedy_disjoint,,,,,,0.0028793811798095703
del2ph,tax,marital_status,0.0026121139526367188,0.0,0.00017213821411132812,0.0024399757385253906,0.0,,-0.16666666666666666,0,-1,0,-1,2,6872,3,0,25.0,,0.75,,,greedy_disjoint,,,,,,0.0026121139526367188
del2ph,tax,marital_status,0.003014087677001953,0.0,0.00012803077697753906,0.002886056900024414,0.0,,-0.16666666666666666,0,-1,0,-1,2,6872,3,0,25.0,,0.75,,,greedy_disjoint,,,,,,0.003014087677001953
del2ph,tax,marital_status,0.0032689571380615234,0.0,0.0001590251922607422,0.0031099319458007812,0.0,,-0.16666666666666666,0,-1,0,-1,2,6872,3,0,25.0,,0.75,,,greedy_disjoint,,,,,,0.0032689571380615234
del2ph,tax,marital_status,0.003236055374145508,0.0,0.00015997886657714844,0.0030760765075683594,0.0,,-0.25,0,-1,0,-1,3,6924,3,0,25.0,,0.75,,,greedy_disjoint,,,,,,0.003236055374145508
del2ph,tax,marital_status,0.003067493438720703,0.0,9.5367431640625e-05,0.002972126007080078,0.0,,-0.25,0,-1,0,-1,3,6924,3,0,25.0,,0.75,,,greedy_disjoint,,,,,,0.003067493438720703
del2ph,tax,marital_status,0.0034084320068359375,0.0,0.0002231597900390625,0.003185272216796875,0.0,,-0.16666666666666666,0,-1,0,-1,2,6872,3,0,25.0,,0.75,,,greedy_disjoint,,,,,,0.0034084320068359375
del2ph,tax,marital_status,0.0031659603118896484,0.0,9.989738464355469e-05,0.0030660629272460938,0.0,,-0.16666666666666666,0,-1,0,-1,2,6872,3,0,25.0,,0.75,,,greedy_disjoint,,,,,,0.0031659603118896484
del2ph,tax,marital_status,0.003459930419921875,0.0,0.0003590583801269531,0.003100872039794922,0.0,,-0.25,0,-1,0,-1,3,6924,3,0,25.0,,0.75,,,greedy_disjoint,,,,,,0.003459930419921875
del2ph,tax,marital_status,0.0031578540802001953,0.0,0.00011801719665527344,0.003039836883544922,0.0,,-0.16666666666666666,0,-1,0,-1,2,6872,3,0,25.0,,0.75,,,greedy_disjoint,,,,,,0.0031578540802001953
del2ph,tax,marital_status,0.003166675567626953,0.0,0.00011873245239257812,0.003047943115234375,0.0,,-0.25,0,-1,0,-1,3,6924,3,0,25.0,,0.75,,,greedy_disjoint,,,,,,0.003166675567626953
del2ph,tax,marital_status,0.0029892921447753906,0.0,0.00025010108947753906,0.0027391910552978516,0.0,,-0.16666666666666666,0,-1,0,-1,2,6872,3,0,25.0,,0.75,,,greedy_disjoint,,,,,,0.0029892921447753906
del2ph,tax,marital_status,0.003117799758911133,0.0,0.00018405914306640625,0.0029337406158447266,0.5615947237120504,,-0.4003627094507045,3,3,3,3,2,6870,3,0,25.0,,0.75,,,greedy_disjoint,,,,,,0.003117799758911133
del2ph,tax,marital_status,0.002997875213623047,0.0,0.000164031982421875,0.002833843231201172,0.0,,-0.16666666666666666,0,-1,0,-1,2,6872,3,0,25.0,,0.75,,,greedy_disjoint,,,,,,0.002997875213623047
del2ph,tax,marital_status,0.002942800521850586,0.0,0.00015401840209960938,0.0027887821197509766,0.0,,-0.16666666666666666,0,-1,0,-1,2,6872,3,0,25.0,,0.75,,,greedy_disjoint,,,,,,0.002942800521850586
del2ph,tax,marital_status,0.0033721923828125,0.0,0.00015306472778320312,0.003219127655029297,0.0,,-0.16666666666666666,0,-1,0,-1,2,6872,3,0,25.0,,0.75,,,greedy_disjoint,,,,,,0.0033721923828125
del2ph,tax,marital_status,0.0032341480255126953,0.0,0.000202178955078125,0.0030319690704345703,0.0,,-0.16666666666666666,0,-1,0,-1,2,6872,3,0,25.0,,0.75,,,greedy_disjoint,,,,,,0.0032341480255126953
del2ph,tax,marital_status,0.0029439926147460938,0.0,0.00016307830810546875,0.002780914306640625,0.0,,-0.16666666666666666,0,-1,0,-1,2,6872,3,0,25.0,,0.75,,,greedy_disjoint,,,,,,0.0029439926147460938
del2ph,tax,marital_status,0.0027692317962646484,0.0,0.00017714500427246094,0.0025920867919921875,0.0,,-0.25,0,-1,0,-1,3,6924,3,0,25.0,,0.75,,,greedy_disjoint,,,,,,0.0027692317962646484
del2ph,tax,marital_status,0.002986907958984375,0.0,0.0001900196075439453,0.0027968883514404297,0.0,,-0.25,0,-1,0,-1,3,6924,3,0,25.0,,0.75,,,greedy_disjoint,,,,,,0.002986907958984375
del2ph,tax,marital_status,0.0034399032592773438,0.0,0.0001800060272216797,0.003259897232055664,0.0,,-0.25,0,-1,0,-1,3,6924,3,0,25.0,,0.75,,,greedy_disjoint,,,,,,0.0034399032592773438
del2ph,tax,marital_status,0.005622148513793945,0.0,0.0012271404266357422,0.004395008087158203,0.0,,-0.16666666666666666,0,-1,0,-1,2,6872,3,0,25.0,,0.75,,,greedy_disjoint,,,,,,0.005622148513793945
del2ph,tax,marital_status,0.0039310455322265625,0.0,0.00021910667419433594,0.0037119388580322266,0.0,,-0.16666666666666666,0,-1,0,-1,2,6872,3,0,25.0,,0.75,,,greedy_disjoint,,,,,,0.0039310455322265625
del2ph,tax,marital_status,0.0045795440673828125,0.0,0.0003097057342529297,0.004269838333129883,0.5615947237120504,,-0.4003627094507045,3,3,3,3,2,6871,3,0,25.0,,0.75,,,greedy_disjoint,,,,,,0.0045795440673828125
del2ph,tax,marital_status,0.0024001598358154297,0.0,0.00011491775512695312,0.0022852420806884766,0.0,,-0.16666666666666666,0,-1,0,-1,2,6872,3,0,25.0,,0.75,,,greedy_disjoint,,,,,,0.0024001598358154297
del2ph,tax,marital_status,0.0018780231475830078,0.0,8.702278137207031e-05,0.0017910003662109375,0.0,,-0.16666666666666666,0,-1,0,-1,2,6872,3,0,25.0,,0.75,,,greedy_disjoint,,,,,,0.0018780231475830078
del2ph,tax,marital_status,0.0019130706787109375,0.0,0.0001499652862548828,0.0017631053924560547,0.0,,-0.16666666666666666,0,-1,0,-1,2,6872,3,0,25.0,,0.75,,,greedy_disjoint,,,,,,0.0019130706787109375
del2ph,tax,marital_status,0.002894878387451172,0.0,0.0002219676971435547,0.002672910690307617,0.0,,-0.16666666666666666,0,-1,0,-1,2,6872,3,0,25.0,,0.75,,,greedy_disjoint,,,,,,0.002894878387451172
del2ph,tax,marital_status,0.0030884742736816406,0.0,0.00011968612670898438,0.0029687881469726562,0.0,,-0.16666666666666666,0,-1,0,-1,2,6872,3,0,25.0,,0.75,,,greedy_disjoint,,,,,,0.0030884742736816406
del2ph,tax,marital_status,0.003293752670288086,0.0,0.00018262863159179688,0.003111124038696289,0.0,,-0.16666666666666666,0,-1,0,-1,2,6872,3,0,25.0,,0.75,,,greedy_disjoint,,,,,,0.003293752670288086
del2ph,tax,marital_status,0.0026903152465820312,0.0,7.009506225585938e-05,0.002620220184326172,0.0,,-0.16666666666666666,0,-1,0,-1,2,6872,3,0,25.0,,0.75,,,greedy_disjoint,,,,,,0.0026903152465820312
del2ph,tax,marital_status,0.0034096240997314453,0.0,0.00023674964904785156,0.0031728744506835938,0.0,,-0.25,0,-1,0,-1,3,6924,3,0,25.0,,0.75,,,greedy_disjoint,,,,,,0.0034096240997314453
del2ph,tax,marital_status,0.0034112930297851562,0.0,0.00022721290588378906,0.003184080123901367,0.0,,-0.16666666666666666,0,-1,0,-1,2,6872,3,0,25.0,,0.75,,,greedy_disjoint,,,,,,0.0034112930297851562
del2ph,tax,marital_status,0.003542184829711914,0.0,0.0001552104949951172,0.003386974334716797,0.0,,-0.16666666666666666,0,-1,0,-1,2,6872,3,0,25.0,,0.75,,,greedy_disjoint,,,,,,0.003542184829711914
del2ph,tax,marital_status,0.0029380321502685547,0.0,0.0002582073211669922,0.0026798248291015625,0.0,,-0.16666666666666666,0,-1,0,-1,2,6872,3,0,25.0,,0.75,,,greedy_disjoint,,,,,,0.0029380321502685547
del2ph,tax,marital_status,0.0027260780334472656,0.0,0.0001659393310546875,0.002560138702392578,0.0,,-0.25,0,-1,0,-1,3,6924,3,0,25.0,,0.75,,,greedy_disjoint,,,,,,0.0027260780334472656
del2ph,tax,marital_status,0.0035398006439208984,0.0,8.487701416015625e-05,0.003454923629760742,0.0,,-0.16666666666666666,0,-1,0,-1,2,6872,3,0,25.0,,0.75,,,greedy_disjoint,,,,,,0.0035398006439208984
del2ph,tax,marital_status,0.0032639503479003906,0.0,0.00022101402282714844,0.003042936325073242,0.0,,-0.16666666666666666,0,-1,0,-1,2,6872,3,0,25.0,,0.75,,,greedy_disjoint,,,,,,0.0032639503479003906
del2ph,tax,marital_status,0.003593921661376953,0.0,0.0001709461212158203,0.003422975540161133,0.0,,-0.16666666666666666,0,-1,0,-1,2,6872,3,0,25.0,,0.75,,,greedy_disjoint,,,,,,0.003593921661376953
del2ph,tax,marital_status,0.002933979034423828,0.0,0.00022792816162109375,0.0027060508728027344,0.0,,-0.16666666666666666,0,-1,0,-1,2,6872,3,0,25.0,,0.75,,,greedy_disjoint,,,,,,0.002933979034423828
