method,dataset,target_attribute,total_time,init_time,model_time,del_time,delete_db_time,update_time,leakage,baseline_leakage_empty_mask,utility,blocked,total_paths,paths_blocked,num_paths,mask_size,memory_overhead_bytes,num_instantiated_cells,num_cells_updated,epsilon,lambda,lam,rho,tau,leakage_method,num_channel_edges,num_rdrs,greedy_time,inference_zone_size,denom_I_minus_1
delexp,airport,scheduled_service,0.012134075164794922,0.006499052047729492,0.0029120445251464844,0.0,0.0027229785919189453,0.0027229785919189453,0.2288821396123376,0.7151856454814502,-0.3144410698061688,0,1,0,1,2,24268,7,1,10.0,,0.5,0.9,,noisy_or,5,7,,,
delexp,airport,scheduled_service,0.007871866226196289,0.003735065460205078,0.0017578601837158203,0.0,0.0023789405822753906,0.0023789405822753906,0.2288821396123376,0.7151856454814502,-0.5144410698061688,0,1,0,1,4,24412,7,1,10.0,,0.5,0.9,,noisy_or,5,7,,,
delexp,airport,scheduled_service,0.009307146072387695,0.004539012908935547,0.0021419525146484375,0.0,0.002626180648803711,0.002626180648803711,0.35257182612971993,0.7151856454814502,-0.47628591306485996,4,3,4,3,3,24340,7,1,10.0,,0.5,0.9,,noisy_or,5,7,,,
delexp,airport,scheduled_service,0.006977081298828125,0.003515958786010742,0.0013370513916015625,0.0,0.0021240711212158203,0.0021240711212158203,0.5961899077512927,0.7151856454814502,-0.49809495387564634,4,5,4,5,2,24268,7,1,10.0,,0.5,0.9,,noisy_or,5,7,,,
delexp,airport,scheduled_service,0.006989002227783203,0.0035500526428222656,0.001199960708618164,0.0,0.0022389888763427734,0.0022389888763427734,0.0,0.7151856454814502,-0.5,0,-1,0,-1,5,24484,7,1,10.0,,0.5,0.9,,noisy_or,5,7,,,
delexp,airport,scheduled_service,0.006473064422607422,0.003364086151123047,0.001132965087890625,0.0,0.00197601318359375,0.00197601318359375,0.2288821396123376,0.7151856454814502,-0.4144410698061688,0,1,0,1,3,24340,7,1,10.0,,0.5,0.9,,noisy_or,5,7,,,
delexp,airport,scheduled_service,0.006730079650878906,0.0033788681030273438,0.0010881423950195312,0.0,0.0022630691528320312,0.0022630691528320312,0.4332660237695529,0.7151856454814502,-0.5166330118847764,0,2,0,2,3,24340,7,1,10.0,,0.5,0.9,,noisy_or,5,7,,,
delexp,airport,scheduled_service,0.00673985481262207,0.003376007080078125,0.0011799335479736328,0.0,0.0021839141845703125,0.0021839141845703125,0.35257182612971993,0.7151856454814502,-0.47628591306485996,4,3,4,3,3,24340,7,1,10.0,,0.5,0.9,,noisy_or,5,7,,,
delexp,airport,scheduled_service,0.006966590881347656,0.0034770965576171875,0.0011451244354248047,0.0,0.002344369888305664,0.002344369888305664,0.2288821396123376,0.7151856454814502,-0.3144410698061688,0,1,0,1,2,24268,7,1,10.0,,0.5,0.9,,noisy_or,5,7,,,
delexp,airport,scheduled_service,0.006610870361328125,0.0031981468200683594,0.0010788440704345703,0.0,0.0023338794708251953,0.0023338794708251953,0.0920468199405825,0.7151856454814502,-0.34602340997029124,2,1,2,1,3,24340,7,1,10.0,,0.5,0.9,,noisy_or,5,7,,,
delexp,airport,scheduled_service,0.006636381149291992,0.0032181739807128906,0.001238107681274414,0.0,0.0021800994873046875,0.0021800994873046875,0.2288821396123376,0.7151856454814502,-0.3144410698061688,0,1,0,1,2,24268,7,1,10.0,,0.5,0.9,,noisy_or,5,7,,,
delexp,airport,scheduled_service,0.005254268646240234,0.002920866012573242,0.0010750293731689453,0.0,0.0012583732604980469,0.0012583732604980469,0.7151856454814502,0.7151856454814502,-0.3575928227407251,0,5,0,5,0,24124,7,0,10.0,,0.5,0.9,,noisy_or,5,7,,,
delexp,airport,scheduled_service,0.008450031280517578,0.004515171051025391,0.001177072525024414,0.0,0.0027577877044677734,0.0027577877044677734,0.2288821396123376,0.7151856454814502,-0.5144410698061688,0,1,0,1,4,24412,7,1,10.0,,0.5,0.9,,noisy_or,5,7,,,
delexp,airport,scheduled_service,0.008076190948486328,0.003506183624267578,0.0012319087982177734,0.0,0.0033380985260009766,0.0033380985260009766,0.5217987710088933,0.7151856454814502,-0.36089938550444667,6,5,6,5,1,24196,7,1,10.0,,0.5,0.9,,noisy_or,5,7,,,
delexp,airport,scheduled_service,0.006763935089111328,0.0033588409423828125,0.0012481212615966797,0.0,0.002156972885131836,0.002156972885131836,0.49206482628207104,0.7151856454814502,-0.44603241314103553,4,4,4,4,2,24268,7,1,10.0,,0.5,0.9,,noisy_or,5,7,,,
delexp,airport,scheduled_service,0.007797956466674805,0.003725767135620117,0.001280069351196289,0.0,0.0027921199798583984,0.0027921199798583984,0.5007565718104581,0.7151856454814502,-0.45037828590522905,4,4,4,4,2,24268,7,1,10.0,,0.5,0.9,,noisy_or,5,7,,,
delexp,airport,scheduled_service,0.0072176456451416016,0.0034360885620117188,0.0011408329010009766,0.0,0.0026407241821289062,0.0026407241821289062,0.6328149070033673,0.7151856454814502,-0.4164074535016836,0,4,0,4,1,24196,7,0,10.0,,0.5,0.9,,noisy_or,5,7,,,
delexp,airport,scheduled_service,0.00685572624206543,0.0034661293029785156,0.0012137889862060547,0.0,0.0021758079528808594,0.0021758079528808594,0.2288821396123376,0.7151856454814502,-0.3144410698061688,0,1,0,1,2,24268,7,1,10.0,,0.5,0.9,,noisy_or,5,7,,,
delexp,airport,scheduled_service,0.006592988967895508,0.0031948089599609375,0.0012021064758300781,0.0,0.002196073532104492,0.002196073532104492,0.6377015566223647,0.7151856454814502,-0.41885077831118234,2,5,2,5,1,24196,7,1,10.0,,0.5,0.9,,noisy_or,5,7,,,
delexp,airport,scheduled_service,0.006595134735107422,0.0033102035522460938,0.0011320114135742188,0.0,0.0021529197692871094,0.0021529197692871094,0.6328149070033673,0.7151856454814502,-0.4164074535016836,0,4,0,4,1,24196,7,0,10.0,,0.5,0.9,,noisy_or,5,7,,,
delexp,airport,scheduled_service,0.006583213806152344,0.0032570362091064453,0.0011301040649414062,0.0,0.002196073532104492,0.002196073532104492,0.6646451700889366,0.7151856454814502,-0.4323225850444683,2,5,2,5,1,24196,7,1,10.0,,0.5,0.9,,noisy_or,5,7,,,
delexp,airport,scheduled_service,0.006061077117919922,0.003047943115234375,0.0011031627655029297,0.0,0.0019099712371826172,0.0019099712371826172,0.6646451700889366,0.7151856454814502,-0.4323225850444683,2,5,2,5,1,24196,7,1,10.0,,0.5,0.9,,noisy_or,5,7,,,
delexp,airport,scheduled_service,0.006595134735107422,0.003098726272583008,0.0010991096496582031,0.0,0.002397298812866211,0.002397298812866211,0.5217987710088933,0.7151856454814502,-0.36089938550444667,6,5,6,5,1,24196,7,1,10.0,,0.5,0.9,,noisy_or,5,7,,,
delexp,airport,scheduled_service,0.006462574005126953,0.0029981136322021484,0.0010907649993896484,0.0,0.0023736953735351562,0.0023736953735351562,0.44011894550313135,0.7151856454814502,-0.5200594727515657,2,3,2,3,3,24340,7,1,10.0,,0.5,0.9,,noisy_or,5,7,,,
delexp,airport,scheduled_service,0.006745100021362305,0.0032312870025634766,0.0011098384857177734,0.0,0.0024039745330810547,0.0024039745330810547,0.0920468199405825,0.7151856454814502,-0.4460234099702913,2,1,2,1,4,24412,7,1,10.0,,0.5,0.9,,noisy_or,5,7,,,
delexp,airport,scheduled_service,0.0063631534576416016,0.003183126449584961,0.001093149185180664,0.0,0.0020868778228759766,0.0020868778228759766,0.40177218427809114,0.7151856454814502,-0.5008860921390456,6,4,6,4,3,24340,7,1,10.0,,0.5,0.9,,noisy_or,5,7,,,
delexp,airport,scheduled_service,0.007212162017822266,0.003251314163208008,0.00119781494140625,0.0,0.002763032913208008,0.002763032913208008,0.5598596569804244,0.7151856454814502,-0.4799298284902122,0,3,0,3,2,24268,7,1,10.0,,0.5,0.9,,noisy_or,5,7,,,
delexp,airport,scheduled_service,0.006705284118652344,0.0034241676330566406,0.001210927963256836,0.0,0.002070188522338867,0.002070188522338867,0.35257182612971993,0.7151856454814502,-0.47628591306485996,4,3,4,3,3,24340,7,1,10.0,,0.5,0.9,,noisy_or,5,7,,,
delexp,airport,scheduled_service,0.00689244270324707,0.0033719539642333984,0.0011627674102783203,0.0,0.0023577213287353516,0.0023577213287353516,0.7151856454814502,0.7151856454814502,-0.3575928227407251,0,5,0,5,0,24124,7,0,10.0,,0.5,0.9,,noisy_or,5,7,,,
delexp,airport,scheduled_service,0.006608724594116211,0.0033152103424072266,0.0012407302856445312,0.0,0.002052783966064453,0.002052783966064453,0.2288821396123376,0.7151856454814502,-0.3144410698061688,0,1,0,1,2,24268,7,1,10.0,,0.5,0.9,,noisy_or,5,7,,,
delexp,airport,scheduled_service,0.007131099700927734,0.0031740665435791016,0.0011730194091796875,0.0,0.0027840137481689453,0.0027840137481689453,0.3985802193778676,0.7151856454814502,-0.4992901096889338,2,3,2,3,3,24340,7,1,10.0,,0.5,0.9,,noisy_or,5,7,,,
delexp,airport,scheduled_service,0.0072460174560546875,0.0037069320678710938,0.0011610984802246094,0.0,0.0023779869079589844,0.0023779869079589844,0.6377015566223647,0.7151856454814502,-0.41885077831118234,2,5,2,5,1,24196,7,1,10.0,,0.5,0.9,,noisy_or,5,7,,,
delexp,airport,scheduled_service,0.006822109222412109,0.003329038619995117,0.001127004623413086,0.0,0.0023660659790039062,0.0023660659790039062,0.0,0.7151856454814502,-0.5,0,-1,0,-1,5,24484,7,1,10.0,,0.5,0.9,,noisy_or,5,7,,,
delexp,airport,scheduled_service,0.006989002227783203,0.003549814224243164,0.0011110305786132812,0.0,0.002328157424926758,0.002328157424926758,0.4697142498776278,0.7151856454814502,-0.5348571249388139,2,3,2,3,3,24340,7,1,10.0,,0.5,0.9,,noisy_or,5,7,,,
delexp,airport,scheduled_service,0.006731748580932617,0.0033311843872070312,0.001094818115234375,0.0,0.002305746078491211,0.002305746078491211,0.6646451700889366,0.7151856454814502,-0.4323225850444683,2,5,2,5,1,24196,7,1,10.0,,0.5,0.9,,noisy_or,5,7,,,
delexp,airport,scheduled_service,0.0065157413482666016,0.0031528472900390625,0.0010840892791748047,0.0,0.0022788047790527344,0.0022788047790527344,0.0,0.7151856454814502,-0.5,0,-1,0,-1,5,24484,7,1,10.0,,0.5,0.9,,noisy_or,5,7,,,
delexp,airport,scheduled_service,0.0062487125396728516,0.003123760223388672,0.0010750293731689453,0.0,0.0020499229431152344,0.0020499229431152344,0.0,0.7151856454814502,-0.4,0,-1,0,-1,4,24412,7,1,10.0,,0.5,0.9,,noisy_or,5,7,,,
delexp,airport,scheduled_service,0.006834268569946289,0.003331899642944336,0.001087188720703125,0.0,0.002415180206298828,0.002415180206298828,0.2288821396123376,0.7151856454814502,-0.3144410698061688,0,1,0,1,2,24268,7,1,10.0,,0.5,0.9,,noisy_or,5,7,,,
delexp,airport,scheduled_service,0.0066530704498291016,0.003159046173095703,0.0010819435119628906,0.0,0.002412080764770508,0.002412080764770508,0.5598596569804244,0.7151856454814502,-0.4799298284902122,0,3,0,3,2,24268,7,1,10.0,,0.5,0.9,,noisy_or,5,7,,,
delexp,airport,scheduled_service,0.006884336471557617,0.0033783912658691406,0.0011026859283447266,0.0,0.00240325927734375,0.00240325927734375,0.2288821396123376,0.7151856454814502,-0.5144410698061688,0,1,0,1,4,24412,7,1,10.0,,0.5,0.9,,noisy_or,5,7,,,
delexp,airport,scheduled_service,0.007106781005859375,0.003522634506225586,0.0011751651763916016,0.0,0.0024089813232421875,0.0024089813232421875,0.2288821396123376,0.7151856454814502,-0.3144410698061688,0,1,0,1,2,24268,7,1,10.0,,0.5,0.9,,noisy_or,5,7,,,
delexp,airport,scheduled_service,0.007058143615722656,0.0032558441162109375,0.0012521743774414062,0.0,0.0025501251220703125,0.0025501251220703125,0.6646451700889366,0.7151856454814502,-0.4323225850444683,2,5,2,5,1,24196,7,1,10.0,,0.5,0.9,,noisy_or,5,7,,,
delexp,airport,scheduled_service,0.007604837417602539,0.0039288997650146484,0.0012578964233398438,0.0,0.002418041229248047,0.002418041229248047,0.0920468199405825,0.7151856454814502,-0.4460234099702913,2,1,2,1,4,24412,7,1,10.0,,0.5,0.9,,noisy_or,5,7,,,
delexp,airport,scheduled_service,0.006922721862792969,0.0034580230712890625,0.0011658668518066406,0.0,0.0022988319396972656,0.0022988319396972656,0.633267038153267,0.7151856454814502,-0.4166335190766335,0,4,0,4,1,24196,7,0,10.0,,0.5,0.9,,noisy_or,5,7,,,
delexp,airport,scheduled_service,0.005933284759521484,0.0034520626068115234,0.0011889934539794922,0.0,0.0012922286987304688,0.0012922286987304688,0.7151856454814502,0.7151856454814502,-0.3575928227407251,0,5,0,5,0,24124,7,0,10.0,,0.5,0.9,,noisy_or,5,7,,,
delexp,airport,scheduled_service,0.006735324859619141,0.0033681392669677734,0.0012259483337402344,0.0,0.002141237258911133,0.002141237258911133,0.0920468199405825,0.7151856454814502,-0.34602340997029124,2,1,2,1,3,24340,7,1,10.0,,0.5,0.9,,noisy_or,5,7,,,
delexp,airport,scheduled_service,0.0071868896484375,0.003342151641845703,0.0011408329010009766,0.0,0.0027039051055908203,0.0027039051055908203,0.5007565718104581,0.7151856454814502,-0.45037828590522905,4,4,4,4,2,24268,7,1,10.0,,0.5,0.9,,noisy_or,5,7,,,
delexp,airport,scheduled_service,0.00645136833190918,0.003114938735961914,0.0011341571807861328,0.0,0.002202272415161133,0.002202272415161133,0.2781965733082593,0.7151856454814502,-0.5390982866541296,2,2,2,2,4,24412,7,1,10.0,,0.5,0.9,,noisy_or,5,7,,,
delexp,airport,scheduled_service,0.006510019302368164,0.0033338069915771484,0.0011222362518310547,0.0,0.002053976058959961,0.002053976058959961,0.6646451700889366,0.7151856454814502,-0.4323225850444683,2,5,2,5,1,24196,7,1,10.0,,0.5,0.9,,noisy_or,5,7,,,
delexp,airport,scheduled_service,0.006472349166870117,0.003141164779663086,0.0011432170867919922,0.0,0.002187967300415039,0.002187967300415039,0.5734114839073647,0.7151856454814502,-0.4867057419536824,4,5,4,5,2,24268,7,1,10.0,,0.5,0.9,,noisy_or,5,7,,,
delexp,hospital,ProviderNumber,0.6733009815216064,0.004710197448730469,0.6637706756591797,0.0,0.004820108413696289,0.004820108413696289,0.600549271248858,0.6623992294064142,-0.5780524134022068,6,6,6,6,5,491084,13,1,10.0,,0.5,0.9,,noisy_or,4,39,,,
delexp,hospital,ProviderNumber,0.6629254817962646,0.005162954330444336,0.6534452438354492,0.0,0.004317283630371094,0.004317283630371094,0.6623992294064142,0.6623992294064142,-0.4423107258143182,0,4,0,4,2,490868,13,1,10.0,,0.5,0.9,,noisy_or,4,39,,,
delexp,hospital,ProviderNumber,0.6677944660186768,0.004934787750244141,0.6579630374908447,0.0,0.004896640777587891,0.004896640777587891,0.6022289024365599,0.6623992294064142,-0.5788922289960577,28,17,28,17,5,491084,13,1,10.0,,0.5,0.9,,noisy_or,4,39,,,
delexp,hospital,ProviderNumber,0.6644909381866455,0.004942178726196289,0.6562628746032715,0.0,0.0032858848571777344,0.0032858848571777344,0.5475459429724743,0.6623992294064142,-0.38488408259734824,8,6,8,6,2,490868,13,1,10.0,,0.5,0.9,,noisy_or,4,39,,,
delexp,hospital,ProviderNumber,0.6591341495513916,0.004632234573364258,0.649040937423706,0.0,0.005460977554321289,0.005460977554321289,0.46336254527770915,0.6623992294064142,-0.5650146059721879,60,32,60,32,6,491156,13,1,10.0,,0.5,0.9,,noisy_or,4,39,,,
delexp,hospital,ProviderNumber,0.6687180995941162,0.00528407096862793,0.6594550609588623,0.0,0.0039789676666259766,0.0039789676666259766,0.5124995743794598,0.6623992294064142,-0.367360898300841,4,5,4,5,2,490868,13,1,10.0,,0.5,0.9,,noisy_or,4,39,,,
delexp,hospital,ProviderNumber,0.6622281074523926,0.004878997802734375,0.6507711410522461,0.0,0.006577968597412109,0.006577968597412109,0.3032193663075635,0.6623992294064142,-0.37383190537600397,40,21,40,21,4,491012,13,1,10.0,,0.5,0.9,,noisy_or,4,39,,,
delexp,hospital,ProviderNumber,0.6510238647460938,0.004616975784301758,0.6408839225769043,0.0,0.005522966384887695,0.005522966384887695,0.555926682022005,0.6623992294064142,-0.5001855632332247,32,18,32,18,4,491012,13,1,10.0,,0.5,0.9,,noisy_or,4,39,,,
delexp,hospital,ProviderNumber,0.6633868217468262,0.0047969818115234375,0.653649091720581,0.0,0.00494074821472168,0.00494074821472168,0.17959985450358862,0.6623992294064142,-0.4786888161406832,426,213,426,213,7,491228,13,1,10.0,,0.5,0.9,,noisy_or,4,39,,,
delexp,hospital,ProviderNumber,0.653411865234375,0.0050280094146728516,0.643733024597168,0.0,0.00465083122253418,0.00465083122253418,0.6623992294064142,0.6623992294064142,-0.49786628136987376,0,4,0,4,3,490940,13,1,10.0,,0.5,0.9,,noisy_or,4,39,,,
delexp,hospital,ProviderNumber,0.6730477809906006,0.005036830902099609,0.6626291275024414,0.0,0.00538182258605957,0.00538182258605957,0.5509933155181104,0.6623992294064142,-0.4977188799812774,30,17,30,17,4,491012,13,1,10.0,,0.5,0.9,,noisy_or,4,39,,,
delexp,hospital,ProviderNumber,0.6622169017791748,0.005352020263671875,0.6516578197479248,0.0,0.005207061767578125,0.005207061767578125,0.5053837288882768,0.6623992294064142,-0.30824741999969396,2,4,2,4,1,490796,13,1,10.0,,0.5,0.9,,noisy_or,4,39,,,
delexp,hospital,ProviderNumber,0.6630687713623047,0.0047719478607177734,0.6510868072509766,0.0,0.0072100162506103516,0.0072100162506103516,0.5053837288882768,0.6623992294064142,-0.419358531110805,2,4,2,4,3,490940,13,1,10.0,,0.5,0.9,,noisy_or,4,39,,,
delexp,hospital,ProviderNumber,0.6542582511901855,0.004882335662841797,0.6447937488555908,0.0,0.00458216667175293,0.00458216667175293,0.43566390414427847,0.6623992294064142,-0.5511652854054725,238,119,238,119,6,491156,13,1,10.0,,0.5,0.9,,noisy_or,4,39,,,
delexp,hospital,ProviderNumber,0.6698131561279297,0.004658937454223633,0.6608171463012695,0.0,0.0043370723724365234,0.0043370723724365234,0.5626500316767806,0.6623992294064142,-0.3924361269495014,2,4,2,4,2,490868,13,1,10.0,,0.5,0.9,,noisy_or,4,39,,,
delexp,hospital,ProviderNumber,0.6675822734832764,0.004711151123046875,0.6591260433197021,0.0,0.0037450790405273438,0.0037450790405273438,0.5206917637006147,0.6623992294064142,-0.5936792151836406,240,120,240,120,6,491156,13,1,10.0,,0.5,0.9,,noisy_or,4,39,,,
delexp,hospital,ProviderNumber,0.6683700084686279,0.004808187484741211,0.6584897041320801,0.0,0.005072116851806641,0.005072116851806641,0.400382294645268,0.6623992294064142,-0.4224133695448562,16,10,16,10,4,491012,13,1,10.0,,0.5,0.9,,noisy_or,4,39,,,
delexp,hospital,ProviderNumber,0.6551802158355713,0.005384206771850586,0.645247220993042,0.0,0.004548788070678711,0.004548788070678711,0.5036400655783775,0.6623992294064142,-0.5295978105669665,54,29,54,29,5,491084,13,1,10.0,,0.5,0.9,,noisy_or,4,39,,,
delexp,hospital,ProviderNumber,0.6513538360595703,0.004907131195068359,0.6437668800354004,0.0,0.0026798248291015625,0.0026798248291015625,0.6015145339912142,0.6623992294064142,-0.46742393366227375,6,6,6,6,3,490940,13,1,10.0,,0.5,0.9,,noisy_or,4,39,,,
delexp,hospital,ProviderNumber,0.6658182144165039,0.004930973052978516,0.6570250988006592,0.0,0.003862142562866211,0.003862142562866211,0.4308413363029785,0.6623992294064142,-0.49319844592926704,28,16,28,16,5,491084,13,1,10.0,,0.5,0.9,,noisy_or,4,39,,,
delexp,hospital,ProviderNumber,0.6664412021636963,0.004876852035522461,0.6562261581420898,0.0,0.005338191986083984,0.005338191986083984,0.555926682022005,0.6623992294064142,-0.5001855632332247,32,18,32,18,4,491012,13,1,10.0,,0.5,0.9,,noisy_or,4,39,,,
delexp,hospital,ProviderNumber,0.6687021255493164,0.004970073699951172,0.6587331295013428,0.0,0.004998922348022461,0.004998922348022461,0.4354831861074887,0.6623992294064142,-0.49551937083152214,50,27,50,27,5,491084,13,1,10.0,,0.5,0.9,,noisy_or,4,39,,,
delexp,hospital,ProviderNumber,0.6601192951202393,0.005176067352294922,0.6494190692901611,0.0,0.005524158477783203,0.005524158477783203,0.5294071539335581,0.6623992294064142,-0.5424813547445568,16,11,16,11,5,491084,13,1,10.0,,0.5,0.9,,noisy_or,4,39,,,
delexp,hospital,ProviderNumber,0.6626129150390625,0.00502467155456543,0.648693323135376,0.0,0.008894920349121094,0.008894920349121094,0.6623992294064142,0.6623992294064142,-0.3867551702587626,0,4,0,4,1,490796,13,1,10.0,,0.5,0.9,,noisy_or,4,39,,,
delexp,hospital,ProviderNumber,0.6538267135620117,0.005362987518310547,0.6442859172821045,0.0,0.00417780876159668,0.00417780876159668,0.6013770604474823,0.6623992294064142,-0.5229107524459633,12,9,12,9,4,491012,13,1,10.0,,0.5,0.9,,noisy_or,4,39,,,
delexp,hospital,ProviderNumber,0.6499130725860596,0.004939079284667969,0.6413710117340088,0.0,0.0036029815673828125,0.0036029815673828125,0.2888594184109812,0.6623992294064142,-0.4222074869832684,56,29,56,29,5,491084,13,1,10.0,,0.5,0.9,,noisy_or,4,39,,,
delexp,hospital,ProviderNumber,0.6528170108795166,0.004794120788574219,0.6424508094787598,0.0,0.005572080612182617,0.005572080612182617,0.4892878639017151,0.6623992294064142,-0.46686615417307975,26,15,26,15,4,491012,13,1,10.0,,0.5,0.9,,noisy_or,4,39,,,
delexp,hospital,ProviderNumber,0.6526429653167725,0.0050389766693115234,0.643639087677002,0.0,0.003964900970458984,0.003964900970458984,0.46748482820841464,0.6623992294064142,-0.6226313029930962,124,64,124,64,7,491228,13,1,10.0,,0.5,0.9,,noisy_or,4,39,,,
delexp,hospital,ProviderNumber,0.6632468700408936,0.004825115203857422,0.6545569896697998,0.0,0.003864765167236328,0.003864765167236328,0.5626500316767806,0.6623992294064142,-0.44799168250505694,2,4,2,4,3,490940,13,1,10.0,,0.5,0.9,,noisy_or,4,39,,,
delexp,hospital,ProviderNumber,0.6569290161132812,0.004954814910888672,0.6471700668334961,0.0,0.004804134368896484,0.004804134368896484,0.33856370516671164,0.6623992294064142,-0.5026151859166892,144,73,144,73,6,491156,13,1,10.0,,0.5,0.9,,noisy_or,4,39,,,
delexp,hospital,ProviderNumber,0.6523795127868652,0.005269050598144531,0.6423907279968262,0.0,0.004719734191894531,0.004719734191894531,0.39315835083520145,0.6623992294064142,-0.41880139763982294,14,9,14,9,4,491012,13,1,10.0,,0.5,0.9,,noisy_or,4,39,,,
delexp,hospital,ProviderNumber,0.6500160694122314,0.004703998565673828,0.6416079998016357,0.0,0.003704071044921875,0.003704071044921875,0.6006470953182108,0.6623992294064142,-0.46699021432577204,4,5,4,5,3,490940,13,1,10.0,,0.5,0.9,,noisy_or,4,39,,,
delexp,hospital,ProviderNumber,0.6515510082244873,0.004942178726196289,0.6416037082672119,0.0,0.0050051212310791016,0.0050051212310791016,0.4942381275439218,0.6623992294064142,-0.6360079526608498,72,38,72,38,7,491228,13,1,10.0,,0.5,0.9,,noisy_or,4,39,,,
delexp,hospital,ProviderNumber,0.6673858165740967,0.004889726638793945,0.6564512252807617,0.0,0.006044864654541016,0.006044864654541016,0.3265364214104861,0.6623992294064142,-0.38549043292746527,64,32,64,32,4,491012,13,1,10.0,,0.5,0.9,,noisy_or,4,39,,,
delexp,hospital,ProviderNumber,0.6569430828094482,0.004949092864990234,0.6483509540557861,0.0,0.003643035888671875,0.003643035888671875,0.5053837288882768,0.6623992294064142,-0.419358531110805,2,4,2,4,3,490940,13,1,10.0,,0.5,0.9,,noisy_or,4,39,,,
delexp,hospital,ProviderNumber,0.6578521728515625,0.005591154098510742,0.6490809917449951,0.0,0.0031800270080566406,0.0031800270080566406,0.3812393223196061,0.6623992294064142,-0.35728632782646974,8,6,8,6,3,490940,13,1,10.0,,0.5,0.9,,noisy_or,4,39,,,
delexp,hospital,ProviderNumber,0.6564090251922607,0.004940032958984375,0.6476650238037109,0.0,0.0038039684295654297,0.0038039684295654297,0.5626500316767806,0.6623992294064142,-0.44799168250505694,2,4,2,4,3,490940,13,1,10.0,,0.5,0.9,,noisy_or,4,39,,,
delexp,hospital,ProviderNumber,0.659235954284668,0.005533933639526367,0.6493940353393555,0.0,0.004307985305786133,0.004307985305786133,0.41712956612353014,0.6623992294064142,-0.4307870052839873,46,24,46,24,4,491012,13,1,10.0,,0.5,0.9,,noisy_or,4,39,,,
delexp,hospital,ProviderNumber,0.6534450054168701,0.004914760589599609,0.6458401679992676,0.0,0.0026900768280029297,0.0026900768280029297,0.4067507084611509,0.6623992294064142,-0.42559757645279767,14,9,14,9,4,491012,13,1,10.0,,0.5,0.9,,noisy_or,4,39,,,
delexp,hospital,ProviderNumber,0.6666409969329834,0.004742145538330078,0.653810977935791,0.0,0.008087873458862305,0.008087873458862305,0.5617621806502866,0.6623992294064142,-0.6697699792140321,96,50,96,50,7,491228,13,1,10.0,,0.5,0.9,,noisy_or,4,39,,,
delexp,hospital,ProviderNumber,0.6704161167144775,0.009634017944335938,0.657249927520752,0.0,0.0035321712493896484,0.0035321712493896484,0.5032565513973832,0.6623992294064142,-0.5849616090320249,138,70,138,70,6,491156,13,1,10.0,,0.5,0.9,,noisy_or,4,39,,,
delexp,hospital,ProviderNumber,0.657689094543457,0.005304813385009766,0.6481311321258545,0.0,0.0042531490325927734,0.0042531490325927734,0.4395759924968512,0.6623992294064142,-0.4420102184706478,48,25,48,25,4,491012,13,1,10.0,,0.5,0.9,,noisy_or,4,39,,,
delexp,hospital,ProviderNumber,0.6597669124603271,0.005164623260498047,0.6510493755340576,0.0,0.0035529136657714844,0.0035529136657714844,0.2887330818629529,0.6623992294064142,-0.36658876315369865,40,21,40,21,4,491012,13,1,10.0,,0.5,0.9,,noisy_or,4,39,,,
delexp,hospital,ProviderNumber,0.6625759601593018,0.004843235015869141,0.6540448665618896,0.0,0.0036878585815429688,0.0036878585815429688,0.5172284414911174,0.6623992294064142,-0.6475031096344476,336,169,336,169,7,491228,13,1,10.0,,0.5,0.9,,noisy_or,4,39,,,
method,dataset,target_attribute,total_time,init_time,model_time,del_time,delete_db_time,update_time,leakage,baseline_leakage_empty_mask,utility,blocked,total_paths,paths_blocked,num_paths,mask_size,memory_overhead_bytes,num_instantiated_cells,num_cells_updated,epsilon,lambda,lam,rho,tau,leakage_method,num_channel_edges,num_rdrs,greedy_time,inference_zone_size,denom_I_minus_1
method,dataset,target_attribute,total_time,init_time,model_time,del_time,delete_db_time,update_time,leakage,baseline_leakage_empty_mask,utility,blocked,total_paths,paths_blocked,num_paths,mask_size,memory_overhead_bytes,num_instantiated_cells,num_cells_updated,epsilon,lambda,lam,rho,tau,leakage_method,num_channel_edges,num_rdrs,greedy_time,inference_zone_size,denom_I_minus_1
method,dataset,target_attribute,total_time,init_time,model_time,update_time,leakage,baseline_leakage_empty_mask,utility,blocked,total_paths,paths_blocked,num_paths,mask_size,memory_overhead_bytes,num_instantiated_cells,num_cells_updated,epsilon,lambda,lam,rho,tau,leakage_method,num_channel_edges,num_rdrs,greedy_time,inference_zone_size,denom_I_minus_1
delexp,airport,scheduled_service,0.017003297805786133,0.009962081909179688,0.0037262439727783203,0.003314971923828125,0.2288821396123376,0.7151856454814502,-0.4144410698061688,0,1,0,1,3,24340,7,1,10.0,,0.5,0.9,,noisy_or,5,7,,,
delexp,airport,scheduled_service,0.00707554817199707,0.003590822219848633,0.0011708736419677734,0.002313852310180664,0.682552015129659,0.7151856454814502,-0.44127600756482954,2,5,2,5,1,24196,7,0,10.0,,0.5,0.9,,noisy_or,5,7,,,
delexp,airport,scheduled_service,0.0070650577545166016,0.003370046615600586,0.0011179447174072266,0.002577066421508789,0.2288821396123376,0.7151856454814502,-0.3144410698061688,0,1,0,1,2,24268,7,1,10.0,,0.5,0.9,,noisy_or,5,7,,,
delexp,airport,scheduled_service,0.006432294845581055,0.0032851696014404297,0.0015170574188232422,0.0016300678253173828,0.7151856454814502,0.7151856454814502,-0.3575928227407251,0,5,0,5,0,24124,7,0,10.0,,0.5,0.9,,noisy_or,5,7,,,
delexp,airport,scheduled_service,0.007040262222290039,0.0034601688385009766,0.001138925552368164,0.0024411678314208984,0.0,0.7151856454814502,-0.5,0,-1,0,-1,5,24484,7,1,10.0,,0.5,0.9,,noisy_or,5,7,,,
delexp,airport,scheduled_service,0.00718998908996582,0.0034258365631103516,0.0011491775512695312,0.0026149749755859375,0.5734114839073647,0.7151856454814502,-0.4867057419536824,4,5,4,5,2,24268,7,1,10.0,,0.5,0.9,,noisy_or,5,7,,,
delexp,airport,scheduled_service,0.006964921951293945,0.0032770633697509766,0.001096963882446289,0.0025908946990966797,0.2288821396123376,0.7151856454814502,-0.3144410698061688,0,1,0,1,2,24268,7,1,10.0,,0.5,0.9,,noisy_or,5,7,,,
delexp,airport,scheduled_service,0.0067043304443359375,0.003239154815673828,0.0010919570922851562,0.002373218536376953,0.6646451700889366,0.7151856454814502,-0.4323225850444683,2,5,2,5,1,24196,7,1,10.0,,0.5,0.9,,noisy_or,5,7,,,
delexp,airport,scheduled_service,0.0071909427642822266,0.003590106964111328,0.0011148452758789062,0.002485990524291992,0.29185792416741285,0.7151856454814502,-0.5459289620837064,4,3,4,3,4,24412,7,1,10.0,,0.5,0.9,,noisy_or,5,7,,,
delexp,airport,scheduled_service,0.0067942142486572266,0.003298044204711914,0.0010941028594970703,0.002402067184448242,0.49206482628207104,0.7151856454814502,-0.44603241314103553,4,4,4,4,2,24268,7,1,10.0,,0.5,0.9,,noisy_or,5,7,,,
delexp,airport,scheduled_service,0.007027864456176758,0.003426074981689453,0.0011339187622070312,0.0024678707122802734,0.2288821396123376,0.7151856454814502,-0.3144410698061688,0,1,0,1,2,24268,7,1,10.0,,0.5,0.9,,noisy_or,5,7,,,
delexp,airport,scheduled_service,0.007069110870361328,0.003345966339111328,0.0013241767883300781,0.002398967742919922,0.5217987710088933,0.7151856454814502,-0.36089938550444667,6,5,6,5,1,24196,7,1,10.0,,0.5,0.9,,noisy_or,5,7,,,
delexp,airport,scheduled_service,0.006778240203857422,0.0033321380615234375,0.0011010169982910156,0.0023450851440429688,0.2288821396123376,0.7151856454814502,-0.5144410698061688,0,1,0,1,4,24412,7,1,10.0,,0.5,0.9,,noisy_or,5,7,,,
delexp,airport,scheduled_service,0.0067861080169677734,0.0031659603118896484,0.0011050701141357422,0.002515077590942383,0.4500384497208755,0.7151856454814502,-0.5250192248604377,4,4,4,4,3,24340,7,1,10.0,,0.5,0.9,,noisy_or,5,7,,,
delexp,airport,scheduled_service,0.00640869140625,0.0031828880310058594,0.001116037368774414,0.0021097660064697266,0.5007565718104581,0.7151856454814502,-0.45037828590522905,4,4,4,4,2,24268,7,1,10.0,,0.5,0.9,,noisy_or,5,7,,,
delexp,airport,scheduled_service,0.006826877593994141,0.0032608509063720703,0.0010821819305419922,0.002483844757080078,0.0920468199405825,0.7151856454814502,-0.34602340997029124,2,1,2,1,3,24340,7,1,10.0,,0.5,0.9,,noisy_or,5,7,,,
delexp,airport,scheduled_service,0.0067179203033447266,0.0033960342407226562,0.001146078109741211,0.0021758079528808594,0.527204740336032,0.7151856454814502,-0.46360237016801603,0,3,0,3,2,24268,7,0,10.0,,0.5,0.9,,noisy_or,5,7,,,
delexp,airport,scheduled_service,0.0069887638092041016,0.0033159255981445312,0.0011668205261230469,0.0025060176849365234,0.49206482628207104,0.7151856454814502,-0.44603241314103553,4,4,4,4,2,24268,7,1,10.0,,0.5,0.9,,noisy_or,5,7,,,
delexp,airport,scheduled_service,0.006522178649902344,0.0033130645751953125,0.0010950565338134766,0.0021140575408935547,0.633267038153267,0.7151856454814502,-0.4166335190766335,0,4,0,4,1,24196,7,0,10.0,,0.5,0.9,,noisy_or,5,7,,,
delexp,airport,scheduled_service,0.006815195083618164,0.003227710723876953,0.0010743141174316406,0.0025131702423095703,0.48004561987648753,0.7151856454814502,-0.5400228099382438,4,4,4,4,3,24340,7,1,10.0,,0.5,0.9,,noisy_or,5,7,,,
delexp,airport,scheduled_service,0.006898164749145508,0.0033140182495117188,0.0010671615600585938,0.0025169849395751953,0.2288821396123376,0.7151856454814502,-0.3144410698061688,0,1,0,1,2,24268,7,1,10.0,,0.5,0.9,,noisy_or,5,7,,,
delexp,airport,scheduled_service,0.00667119026184082,0.003275156021118164,0.0011188983917236328,0.0022771358489990234,0.5329217593367891,0.7151856454814502,-0.46646087966839456,2,4,2,4,2,24268,7,1,10.0,,0.5,0.9,,noisy_or,5,7,,,
delexp,airport,scheduled_service,0.00643467903137207,0.003062009811401367,0.0011267662048339844,0.0022459030151367188,0.0920468199405825,0.7151856454814502,-0.34602340997029124,2,1,2,1,3,24340,7,1,10.0,,0.5,0.9,,noisy_or,5,7,,,
delexp,airport,scheduled_service,0.006002187728881836,0.0032269954681396484,0.0011200904846191406,0.0016551017761230469,0.7151856454814502,0.7151856454814502,-0.3575928227407251,0,5,0,5,0,24124,7,0,10.0,,0.5,0.9,,noisy_or,5,7,,,
delexp,airport,scheduled_service,0.006814002990722656,0.003294229507446289,0.0011289119720458984,0.0023908615112304688,0.4697142498776278,0.7151856454814502,-0.5348571249388139,2,3,2,3,3,24340,7,1,10.0,,0.5,0.9,,noisy_or,5,7,,,
delexp,airport,scheduled_service,0.00657200813293457,0.003408193588256836,0.0010917186737060547,0.0020720958709716797,0.633267038153267,0.7151856454814502,-0.4166335190766335,0,4,0,4,1,24196,7,0,10.0,,0.5,0.9,,noisy_or,5,7,,,
delexp,airport,scheduled_service,0.006855964660644531,0.003220081329345703,0.0011570453643798828,0.0024788379669189453,0.4433069423225279,0.7151856454814502,-0.5216534711612639,2,3,2,3,3,24340,7,1,10.0,,0.5,0.9,,noisy_or,5,7,,,
delexp,airport,scheduled_service,0.006619930267333984,0.0034487247467041016,0.0010721683502197266,0.0020990371704101562,0.5907433526542352,0.7151856454814502,-0.4953716763271176,2,4,2,4,2,24268,7,0,10.0,,0.5,0.9,,noisy_or,5,7,,,
delexp,airport,scheduled_service,0.0062978267669677734,0.0031309127807617188,0.0010790824890136719,0.002087831497192383,0.460338407225221,0.7151856454814502,-0.5301692036126104,2,3,2,3,3,24340,7,1,10.0,,0.5,0.9,,noisy_or,5,7,,,
delexp,airport,scheduled_service,0.005728244781494141,0.0026900768280029297,0.0010781288146972656,0.0019600391387939453,0.3296703821603769,0.7151856454814502,-0.5648351910801885,4,3,4,3,4,24412,7,1,10.0,,0.5,0.9,,noisy_or,5,7,,,
delexp,airport,scheduled_service,0.006782054901123047,0.0031690597534179688,0.0011279582977294922,0.002485036849975586,0.0,0.7151856454814502,-0.4,0,-1,0,-1,4,24412,7,1,10.0,,0.5,0.9,,noisy_or,5,7,,,
delexp,airport,scheduled_service,0.010914802551269531,0.0034172534942626953,0.0011477470397949219,0.006349802017211914,0.2288821396123376,0.7151856454814502,-0.6144410698061689,0,1,0,1,5,24484,7,1,10.0,,0.5,0.9,,noisy_or,5,7,,,
delexp,airport,scheduled_service,0.007061958312988281,0.0032749176025390625,0.0011379718780517578,0.002649068832397461,0.527204740336032,0.7151856454814502,-0.46360237016801603,0,3,0,3,2,24268,7,0,10.0,,0.5,0.9,,noisy_or,5,7,,,
delexp,airport,scheduled_service,0.007646083831787109,0.0034699440002441406,0.0011970996856689453,0.0029790401458740234,0.5734114839073647,0.7151856454814502,-0.4867057419536824,4,5,4,5,2,24268,7,1,10.0,,0.5,0.9,,noisy_or,5,7,,,
delexp,airport,scheduled_service,0.007122039794921875,0.0033600330352783203,0.0011699199676513672,0.0025920867919921875,0.5217987710088933,0.7151856454814502,-0.36089938550444667,6,5,6,5,1,24196,7,1,10.0,,0.5,0.9,,noisy_or,5,7,,,
delexp,airport,scheduled_service,0.006334066390991211,0.002850055694580078,0.0011820793151855469,0.002301931381225586,0.682552015129659,0.7151856454814502,-0.44127600756482954,2,5,2,5,1,24196,7,0,10.0,,0.5,0.9,,noisy_or,5,7,,,
delexp,airport,scheduled_service,0.0070018768310546875,0.003410816192626953,0.0011322498321533203,0.002458810806274414,0.2288821396123376,0.7151856454814502,-0.4144410698061688,0,1,0,1,3,24340,7,1,10.0,,0.5,0.9,,noisy_or,5,7,,,
delexp,airport,scheduled_service,0.006816387176513672,0.003409147262573242,0.0011839866638183594,0.0022232532501220703,0.527204740336032,0.7151856454814502,-0.46360237016801603,0,3,0,3,2,24268,7,0,10.0,,0.5,0.9,,noisy_or,5,7,,,
delexp,airport,scheduled_service,0.0066986083984375,0.003162860870361328,0.0011110305786132812,0.0024247169494628906,0.0,0.7151856454814502,-0.5,0,-1,0,-1,5,24484,7,1,10.0,,0.5,0.9,,noisy_or,5,7,,,
delexp,airport,scheduled_service,0.006777048110961914,0.0032520294189453125,0.001130819320678711,0.0023941993713378906,0.0,0.7151856454814502,-0.4,0,-1,0,-1,4,24412,7,1,10.0,,0.5,0.9,,noisy_or,5,7,,,
delexp,airport,scheduled_service,0.006896018981933594,0.0032701492309570312,0.0011320114135742188,0.0024938583374023438,0.5734114839073647,0.7151856454814502,-0.4867057419536824,4,5,4,5,2,24268,7,1,10.0,,0.5,0.9,,noisy_or,5,7,,,
delexp,airport,scheduled_service,0.006989955902099609,0.0032050609588623047,0.0011019706726074219,0.002682924270629883,0.2288821396123376,0.7151856454814502,-0.4144410698061688,0,1,0,1,3,24340,7,1,10.0,,0.5,0.9,,noisy_or,5,7,,,
delexp,airport,scheduled_service,0.006607770919799805,0.0030357837677001953,0.0010941028594970703,0.002477884292602539,0.44011894550313135,0.7151856454814502,-0.5200594727515657,2,3,2,3,3,24340,7,1,10.0,,0.5,0.9,,noisy_or,5,7,,,
delexp,airport,scheduled_service,0.006817817687988281,0.0031223297119140625,0.001081705093383789,0.0026137828826904297,0.5334968933116484,0.7151856454814502,-0.4667484466558242,2,4,2,4,2,24268,7,1,10.0,,0.5,0.9,,noisy_or,5,7,,,
delexp,airport,scheduled_service,0.006668806076049805,0.003180980682373047,0.0010759830474853516,0.0024118423461914062,0.633267038153267,0.7151856454814502,-0.4166335190766335,0,4,0,4,1,24196,7,0,10.0,,0.5,0.9,,noisy_or,5,7,,,
delexp,airport,scheduled_service,0.0068247318267822266,0.003175020217895508,0.0010747909545898438,0.002574920654296875,0.2288821396123376,0.7151856454814502,-0.4144410698061688,0,1,0,1,3,24340,7,1,10.0,,0.5,0.9,,noisy_or,5,7,,,
delexp,airport,scheduled_service,0.0059549808502197266,0.0032460689544677734,0.0010769367218017578,0.0016319751739501953,0.7151856454814502,0.7151856454814502,-0.3575928227407251,0,5,0,5,0,24124,7,0,10.0,,0.5,0.9,,noisy_or,5,7,,,
delexp,airport,scheduled_service,0.006562948226928711,0.0029850006103515625,0.0011110305786132812,0.002466917037963867,0.2790853616047787,0.7151856454814502,-0.5395426808023893,2,2,2,2,4,24412,7,1,10.0,,0.5,0.9,,noisy_or,5,7,,,
delexp,airport,scheduled_service,0.006976127624511719,0.003134012222290039,0.0010890960693359375,0.002753019332885742,0.2288821396123376,0.7151856454814502,-0.3144410698061688,0,1,0,1,2,24268,7,1,10.0,,0.5,0.9,,noisy_or,5,7,,,
delexp,airport,scheduled_service,0.006986141204833984,0.0032088756561279297,0.001161336898803711,0.0026159286499023438,0.2288821396123376,0.7151856454814502,-0.3144410698061688,0,1,0,1,2,24268,7,1,10.0,,0.5,0.9,,noisy_or,5,7,,,
delexp,hospital,ProviderNumber,0.6722030639648438,0.0055239200592041016,0.6622512340545654,0.004427909851074219,0.528909743632636,0.6623992294064142,-0.4866770940385402,26,15,26,15,4,491012,13,1,10.0,,0.5,0.9,,noisy_or,4,39,,,
delexp,hospital,ProviderNumber,0.6702489852905273,0.004783153533935547,0.6603379249572754,0.005127906799316406,0.5313089647508598,0.6623992294064142,-0.5989878157087631,168,85,168,85,6,491156,13,1,10.0,,0.5,0.9,,noisy_or,4,39,,,
delexp,hospital,ProviderNumber,0.6702568531036377,0.004679203033447266,0.6607978343963623,0.004779815673828125,0.527136427683737,0.6623992294064142,-0.5413459916196464,58,31,58,31,5,491084,13,1,10.0,,0.5,0.9,,noisy_or,4,39,,,
delexp,hospital,ProviderNumber,0.6722350120544434,0.004781007766723633,0.6629750728607178,0.004478931427001953,0.6623992294064142,0.6623992294064142,-0.5534218369254293,0,4,0,4,4,491012,13,1,10.0,,0.5,0.9,,noisy_or,4,39,,,
delexp,hospital,ProviderNumber,0.6771266460418701,0.004572868347167969,0.6665127277374268,0.006041049957275391,0.6130866957202925,0.6623992294064142,-0.41765445897125736,4,5,4,5,2,490868,13,1,10.0,,0.5,0.9,,noisy_or,4,39,,,
delexp,hospital,ProviderNumber,0.6900460720062256,0.0047872066497802734,0.6803820133209229,0.004876852035522461,0.4555022438070656,0.6623992294064142,-0.449973344125755,46,24,46,24,4,491012,13,1,10.0,,0.5,0.9,,noisy_or,4,39,,,
delexp,hospital,ProviderNumber,0.6713089942932129,0.0048923492431640625,0.6633396148681641,0.0030770301818847656,0.5334239572618198,0.6623992294064142,-0.4333786452975765,16,10,16,10,3,490940,13,1,10.0,,0.5,0.9,,noisy_or,4,39,,,
delexp,hospital,ProviderNumber,0.6760120391845703,0.004687786102294922,0.6657042503356934,0.005620002746582031,0.3680554898958679,0.6623992294064142,-0.46180552272571174,80,41,80,41,5,491084,13,1,10.0,,0.5,0.9,,noisy_or,4,39,,,
delexp,hospital,ProviderNumber,0.6693813800811768,0.004785060882568359,0.6587860584259033,0.005810260772705078,0.4588762183389853,0.6623992294064142,-0.5072158869472705,84,43,84,43,5,491084,13,1,10.0,,0.5,0.9,,noisy_or,4,39,,,
delexp,hospital,ProviderNumber,0.67195725440979,0.0049860477447509766,0.6626250743865967,0.004346132278442383,0.622295926091732,0.6623992294064142,-0.5333701852680882,16,11,16,11,4,491012,13,1,10.0,,0.5,0.9,,noisy_or,4,39,,,
delexp,hospital,ProviderNumber,0.6694152355194092,0.005282878875732422,0.6590380668640137,0.005094289779663086,0.584765161663386,0.6623992294064142,-0.5701603586094708,6,6,6,6,5,491084,13,1,10.0,,0.5,0.9,,noisy_or,4,39,,,
delexp,hospital,ProviderNumber,0.6697847843170166,0.004733085632324219,0.6600470542907715,0.0050046443939208984,0.5742552604116484,0.6623992294064142,-0.45379429687249084,2,4,2,4,3,490940,13,1,10.0,,0.5,0.9,,noisy_or,4,39,,,
delexp,hospital,ProviderNumber,0.6675577163696289,0.0048220157623291016,0.6587698459625244,0.003965854644775391,0.6623992294064142,0.6623992294064142,-0.49786628136987376,0,4,0,4,3,490940,13,1,10.0,,0.5,0.9,,noisy_or,4,39,,,
delexp,hospital,ProviderNumber,0.6733987331390381,0.005027055740356445,0.6645708084106445,0.0038008689880371094,0.5529261890723058,0.6623992294064142,-0.44312976120281955,4,5,4,5,3,490940,13,1,10.0,,0.5,0.9,,noisy_or,4,39,,,
delexp,hospital,ProviderNumber,0.6985077857971191,0.004827022552490234,0.6761479377746582,0.017532825469970703,0.5307262745925145,0.6623992294064142,-0.5986964706295905,40,22,40,22,6,491156,13,1,10.0,,0.5,0.9,,noisy_or,4,39,,,
delexp,hospital,ProviderNumber,0.7002332210540771,0.004689216613769531,0.6910557746887207,0.004488229751586914,0.5742552604116484,0.6623992294064142,-0.45379429687249084,2,4,2,4,3,490940,13,1,10.0,,0.5,0.9,,noisy_or,4,39,,,
delexp,hospital,ProviderNumber,0.6747891902923584,0.005136013031005859,0.6627941131591797,0.0068590641021728516,0.5049848185721395,0.6623992294064142,-0.4191590759527364,16,10,16,10,3,490940,13,1,10.0,,0.5,0.9,,noisy_or,4,39,,,
delexp,hospital,ProviderNumber,0.674116849899292,0.004853010177612305,0.6646058559417725,0.0046579837799072266,0.5502152736017799,0.6623992294064142,-0.49732985902311216,16,10,16,10,4,491012,13,1,10.0,,0.5,0.9,,noisy_or,4,39,,,
delexp,hospital,ProviderNumber,0.6710777282714844,0.0050067901611328125,0.661574125289917,0.00449681282043457,0.5814735453210316,0.6623992294064142,-0.4018478837716269,4,5,4,5,2,490868,13,1,10.0,,0.5,0.9,,noisy_or,4,39,,,
delexp,hospital,ProviderNumber,0.6722018718719482,0.0047779083251953125,0.6629400253295898,0.004483938217163086,0.5097108638231194,0.6623992294064142,-0.4770776541337819,26,15,26,15,4,491012,13,1,10.0,,0.5,0.9,,noisy_or,4,39,,,
delexp,hospital,ProviderNumber,0.6698970794677734,0.004766225814819336,0.6606278419494629,0.004503011703491211,0.42899082120597354,0.6623992294064142,-0.436717632825209,14,9,14,9,4,491012,13,1,10.0,,0.5,0.9,,noisy_or,4,39,,,
delexp,hospital,ProviderNumber,0.6768648624420166,0.004772186279296875,0.6663877964019775,0.0057048797607421875,0.5569129528560992,0.6623992294064142,-0.611789809761383,94,49,94,49,6,491156,13,1,10.0,,0.5,0.9,,noisy_or,4,39,,,
delexp,hospital,ProviderNumber,0.6754012107849121,0.00484919548034668,0.6662909984588623,0.004261016845703125,0.6623992294064142,0.6623992294064142,-0.49786628136987376,0,4,0,4,3,490940,13,1,10.0,,0.5,0.9,,noisy_or,4,39,,,
delexp,hospital,ProviderNumber,0.6744546890258789,0.004930973052978516,0.6641619205474854,0.005361795425415039,0.42899082120597354,0.6623992294064142,-0.38116207726965345,14,9,14,9,3,490940,13,1,10.0,,0.5,0.9,,noisy_or,4,39,,,
delexp,hospital,ProviderNumber,0.6708660125732422,0.004729032516479492,0.661761999130249,0.004374980926513672,0.4784376134797834,0.6623992294064142,-0.572552140073225,168,85,168,85,6,491156,13,1,10.0,,0.5,0.9,,noisy_or,4,39,,,
delexp,hospital,ProviderNumber,0.6711556911468506,0.004648923873901367,0.6619539260864258,0.0045528411865234375,0.45119193846993344,0.6623992294064142,-0.44781819145718893,48,25,48,25,4,491012,13,1,10.0,,0.5,0.9,,noisy_or,4,39,,,
delexp,hospital,ProviderNumber,0.6702148914337158,0.004650115966796875,0.6618618965148926,0.003702878952026367,0.4848216230377276,0.6623992294064142,-0.4090774781855304,8,6,8,6,3,490940,13,1,10.0,,0.5,0.9,,noisy_or,4,39,,,
delexp,hospital,ProviderNumber,0.670950174331665,0.004529237747192383,0.663834810256958,0.0025861263275146484,0.6623992294064142,0.6623992294064142,-0.3867551702587626,0,4,0,4,1,490796,13,1,10.0,,0.5,0.9,,noisy_or,4,39,,,
delexp,hospital,ProviderNumber,0.6823289394378662,0.00458979606628418,0.673220157623291,0.004518985748291016,0.42899082120597354,0.6623992294064142,-0.436717632825209,14,9,14,9,4,491012,13,1,10.0,,0.5,0.9,,noisy_or,4,39,,,
delexp,hospital,ProviderNumber,0.6725969314575195,0.004616975784301758,0.6636059284210205,0.004374027252197266,0.5814735453210316,0.6623992294064142,-0.4018478837716269,4,5,4,5,2,490868,13,1,10.0,,0.5,0.9,,noisy_or,4,39,,,
delexp,hospital,ProviderNumber,0.6824359893798828,0.004945993423461914,0.6721630096435547,0.005326986312866211,0.470353125794283,0.6623992294064142,-0.5129543406749193,76,39,76,39,5,491084,13,1,10.0,,0.5,0.9,,noisy_or,4,39,,,
delexp,hospital,ProviderNumber,0.671412467956543,0.004743814468383789,0.6625473499298096,0.004121303558349609,0.6147973695697517,0.6623992294064142,-0.4740653514515425,6,6,6,6,3,490940,13,1,10.0,,0.5,0.9,,noisy_or,4,39,,,
delexp,hospital,ProviderNumber,0.6705694198608398,0.0047800540924072266,0.6614210605621338,0.004368305206298828,0.5381973117722832,0.6623992294064142,-0.49132087810836383,28,16,28,16,4,491012,13,1,10.0,,0.5,0.9,,noisy_or,4,39,,,
delexp,hospital,ProviderNumber,0.6731319427490234,0.004922151565551758,0.6632697582244873,0.004940032958984375,0.6623992294064142,0.6623992294064142,-0.4423107258143182,0,4,0,4,2,490868,13,1,10.0,,0.5,0.9,,noisy_or,4,39,,,
delexp,hospital,ProviderNumber,0.6697440147399902,0.004752159118652344,0.6596598625183105,0.005331993103027344,0.6182276797777697,0.6623992294064142,-0.5313360621111071,12,9,12,9,4,491012,13,1,10.0,,0.5,0.9,,noisy_or,4,39,,,
delexp,hospital,ProviderNumber,0.6715290546417236,0.004866838455200195,0.663114070892334,0.003548145294189453,0.5771387378458429,0.6623992294064142,-0.5107915911451437,6,6,6,6,4,491012,13,1,10.0,,0.5,0.9,,noisy_or,4,39,,,
delexp,hospital,ProviderNumber,0.6732935905456543,0.004624843597412109,0.6640329360961914,0.004635810852050781,0.3354181260241078,0.6623992294064142,-0.4454868407898317,88,45,88,45,5,491084,13,1,10.0,,0.5,0.9,,noisy_or,4,39,,,
delexp,hospital,ProviderNumber,0.6731560230255127,0.0047397613525390625,0.6641342639923096,0.0042819976806640625,0.4107465721211526,0.6623992294064142,-0.3164843971716874,8,6,8,6,2,490868,13,1,10.0,,0.5,0.9,,noisy_or,4,39,,,
delexp,hospital,ProviderNumber,0.670198917388916,0.004621028900146484,0.6606578826904297,0.004920005798339844,0.5193908541777632,0.6623992294064142,-0.4819176493111038,26,15,26,15,4,491012,13,1,10.0,,0.5,0.9,,noisy_or,4,39,,,
delexp,hospital,ProviderNumber,0.6728851795196533,0.0048542022705078125,0.6628580093383789,0.0051729679107666016,0.5712577960864542,0.6623992294064142,-0.5634066758210049,56,30,56,30,5,491084,13,1,10.0,,0.5,0.9,,noisy_or,4,39,,,
delexp,hospital,ProviderNumber,0.6702456474304199,0.004697084426879883,0.6604375839233398,0.005110979080200195,0.6097842548911163,0.6623992294064142,-0.41600323855666926,4,5,4,5,2,490868,13,1,10.0,,0.5,0.9,,noisy_or,4,39,,,
delexp,hospital,ProviderNumber,0.6714930534362793,0.004718780517578125,0.6620841026306152,0.0046901702880859375,0.5152661600041399,0.6623992294064142,-0.4242997466687366,14,9,14,9,3,490940,13,1,10.0,,0.5,0.9,,noisy_or,4,39,,,
delexp,hospital,ProviderNumber,0.6718587875366211,0.005063772201538086,0.6624410152435303,0.004354000091552734,0.6280743320486049,0.6623992294064142,-0.5918149438020802,28,17,28,17,5,491084,13,1,10.0,,0.5,0.9,,noisy_or,4,39,,,
delexp,hospital,ProviderNumber,0.670891284942627,0.00461125373840332,0.6621549129486084,0.004125118255615234,0.47109109985306685,0.6623992294064142,-0.5688788832598668,92,48,92,48,6,491156,13,1,10.0,,0.5,0.9,,noisy_or,4,39,,,
delexp,hospital,ProviderNumber,0.6695101261138916,0.004591226577758789,0.6607508659362793,0.004168033599853516,0.6086948858179753,0.6623992294064142,-0.3599029984645432,2,4,2,4,1,490796,13,1,10.0,,0.5,0.9,,noisy_or,4,39,,,
delexp,hospital,ProviderNumber,0.671457052230835,0.004498004913330078,0.6626007556915283,0.0043582916259765625,0.6623992294064142,0.6623992294064142,-0.5534218369254293,0,4,0,4,4,491012,13,1,10.0,,0.5,0.9,,noisy_or,4,39,,,
delexp,hospital,ProviderNumber,0.6741878986358643,0.004770994186401367,0.6611568927764893,0.008260011672973633,0.6623992294064142,0.6623992294064142,-0.49786628136987376,0,4,0,4,3,490940,13,1,10.0,,0.5,0.9,,noisy_or,4,39,,,
delexp,hospital,ProviderNumber,0.6828408241271973,0.00487208366394043,0.6719739437103271,0.0059947967529296875,0.33145671671224475,0.6623992294064142,-0.44350613613390016,72,37,72,37,5,491084,13,1,10.0,,0.5,0.9,,noisy_or,4,39,,,
delexp,hospital,ProviderNumber,0.6756601333618164,0.004706144332885742,0.6651687622070312,0.005785226821899414,0.47694070931677,0.6623992294064142,-0.4606925768806072,30,17,30,17,4,491012,13,1,10.0,,0.5,0.9,,noisy_or,4,39,,,
delexp,hospital,ProviderNumber,0.6798825263977051,0.00465083122253418,0.6638569831848145,0.011374711990356445,0.6146768445712774,0.6623992294064142,-0.4740050889523053,8,7,8,7,3,490940,13,1,10.0,,0.5,0.9,,noisy_or,4,39,,,
delexp,adult,education,9.52242374420166,0.008118867874145508,9.508949995040894,0.005354881286621094,0.2097145401917765,0.4912255474440431,-0.28667545191407007,44,26,44,26,4,2219316,13,1,10.0,,0.5,0.9,,noisy_or,7,51,,,
delexp,adult,education,9.638395071029663,0.007420063018798828,9.623538970947266,0.007436037063598633,0.2257322890074741,0.4912255474440431,-0.38559341723100976,396,198,396,198,6,2219460,13,1,10.0,,0.5,0.9,,noisy_or,7,51,,,
delexp,adult,education,9.572451829910278,0.008105039596557617,9.559392929077148,0.004953861236572266,0.4912255474440431,0.4912255474440431,-0.33652186463111244,0,7,0,7,2,2219172,13,1,10.0,,0.5,0.9,,noisy_or,7,51,,,
delexp,adult,education,9.563651084899902,0.008574247360229492,9.549737930297852,0.005338907241821289,0.09357527420871414,0.4912255474440431,-0.27406036437708436,62,34,62,34,5,2219388,13,1,10.0,,0.5,0.9,,noisy_or,7,51,,,
delexp,adult,education,9.582427978515625,0.0073909759521484375,9.5694899559021,0.005547046661376953,0.07514562433412819,0.4912255474440431,-0.3557546303488823,340,172,340,172,7,2219532,13,1,10.0,,0.5,0.9,,noisy_or,7,51,,,
delexp,adult,education,9.562129735946655,0.0069768428802490234,9.549007892608643,0.006145000457763672,0.1145569717034437,0.4912255474440431,-0.23909666766990367,56,31,56,31,4,2219316,13,1,10.0,,0.5,0.9,,noisy_or,7,51,,,
delexp,adult,education,9.562471866607666,0.007762908935546875,9.54857587814331,0.006133079528808594,0.20621830557842757,0.4912255474440431,-0.3758364255164865,214,110,214,110,6,2219460,13,1,10.0,,0.5,0.9,,noisy_or,7,51,,,
delexp,adult,education,9.600508213043213,0.00782918930053711,9.586766004562378,0.0059130191802978516,0.11476255935570423,0.4912255474440431,-0.2846540069505794,110,58,110,58,5,2219388,13,1,10.0,,0.5,0.9,,noisy_or,7,51,,,
delexp,adult,education,9.5601487159729,0.008164644241333008,9.54613709449768,0.005846977233886719,0.35586534552810667,0.4912255474440431,-0.2688417636731443,12,10,12,10,2,2219172,13,1,10.0,,0.5,0.9,,noisy_or,7,51,,,
delexp,adult,education,9.548746824264526,0.007588863372802734,9.537489175796509,0.0036687850952148438,0.27881828222716765,0.4912255474440431,-0.32122732293176565,16,14,16,14,4,2219316,13,1,10.0,,0.5,0.9,,noisy_or,7,51,,,
delexp,adult,education,9.63577389717102,0.008568048477172852,9.622150897979736,0.005054950714111328,0.4167478647219671,0.4912255474440431,-0.3901921141791654,54,30,54,30,4,2219316,13,1,10.0,,0.5,0.9,,noisy_or,7,51,,,
delexp,adult,education,9.658891439437866,0.007311105728149414,9.647769212722778,0.0038111209869384766,0.06911692684489656,0.4912255474440431,-0.35274028160426646,248,126,248,126,7,2219532,13,1,10.0,,0.5,0.9,,noisy_or,7,51,,,
delexp,adult,education,9.710551023483276,0.007812976837158203,9.69746208190918,0.0052759647369384766,0.0855518451752656,0.4912255474440431,-0.27004864986036003,116,60,116,60,5,2219388,13,1,10.0,,0.5,0.9,,noisy_or,7,51,,,
delexp,adult,education,9.748223066329956,0.007663726806640625,9.735644102096558,0.0049152374267578125,0.13054895870551608,0.4912255474440431,-0.33800175208003075,198,102,198,102,6,2219460,13,1,10.0,,0.5,0.9,,noisy_or,7,51,,,
delexp,adult,education,9.674744129180908,0.0078089237213134766,9.661993980407715,0.004941225051879883,0.23080709957651635,0.4912255474440431,-0.3881308225155309,100,54,100,54,6,2219460,13,1,10.0,,0.5,0.9,,noisy_or,7,51,,,
delexp,adult,education,9.623945236206055,0.007521152496337891,9.61217999458313,0.004244089126586914,0.13766514462736323,0.4912255474440431,-0.29610529958640885,108,56,108,56,5,2219388,13,1,10.0,,0.5,0.9,,noisy_or,7,51,,,
delexp,adult,education,9.692743062973022,0.008414268493652344,9.679712772369385,0.0046160221099853516,0.06938586154987936,0.4912255474440431,-0.2619656580476669,164,82,164,82,5,2219388,13,1,10.0,,0.5,0.9,,noisy_or,7,51,,,
delexp,adult,education,9.88562822341919,0.0075283050537109375,9.873363018035889,0.004736900329589844,0.1589852921485897,0.4912255474440431,-0.35221991880156756,100,54,100,54,6,2219460,13,1,10.0,,0.5,0.9,,noisy_or,7,51,,,
delexp,adult,education,9.640970945358276,0.00727081298828125,9.628611087799072,0.0050890445709228516,0.1009428698336865,0.4912255474440431,-0.32319870764411596,192,99,192,99,6,2219460,13,1,10.0,,0.5,0.9,,noisy_or,7,51,,,
delexp,adult,education,9.603085279464722,0.00689697265625,9.591001033782959,0.005187273025512695,0.2746018514461698,0.4912255474440431,-0.3191191075412667,8,10,8,10,4,2219316,13,1,10.0,,0.5,0.9,,noisy_or,7,51,,,
delexp,adult,education,9.627296686172485,0.007411003112792969,9.614836931228638,0.0050487518310546875,0.13622427654319114,0.4912255474440431,-0.20447577463523192,12,10,12,10,3,2219244,13,1,10.0,,0.5,0.9,,noisy_or,7,51,,,
delexp,adult,education,9.611468076705933,0.007091999053955078,9.598687887191772,0.005688190460205078,0.055250227988049905,0.4912255474440431,-0.34580693217584313,398,199,398,199,7,2219532,13,1,10.0,,0.5,0.9,,noisy_or,7,51,,,
delexp,adult,education,9.567181825637817,0.007218837738037109,9.554709911346436,0.0052530765533447266,0.3840032729145847,0.4912255474440431,-0.28291072736638323,12,10,12,10,2,2219172,13,1,10.0,,0.5,0.9,,noisy_or,7,51,,,
delexp,adult,education,9.589879274368286,0.006992816925048828,9.577011108398438,0.005875349044799805,0.08225800521949522,0.4912255474440431,-0.4502199117006567,1460,732,1460,732,9,2219676,13,1,10.0,,0.5,0.9,,noisy_or,7,51,,,
delexp,adult,education,9.57603907585144,0.007242918014526367,9.564568996429443,0.004227161407470703,0.11261703890636088,0.4912255474440431,-0.32903579218045315,230,117,230,117,6,2219460,13,1,10.0,,0.5,0.9,,noisy_or,7,51,,,
delexp,adult,education,9.571619987487793,0.007749080657958984,9.557381868362427,0.0064890384674072266,0.048568663483276486,0.4912255474440431,-0.25155705901436554,184,92,184,92,5,2219388,13,1,10.0,,0.5,0.9,,noisy_or,7,51,,,
delexp,adult,education,9.6098792552948,0.007564067840576172,9.597092151641846,0.00522303581237793,0.390718320343142,0.4912255474440431,-0.42263188744429825,66,37,66,37,5,2219388,13,1,10.0,,0.5,0.9,,noisy_or,7,51,,,
delexp,adult,education,9.628633260726929,0.0068531036376953125,9.617424011230469,0.0043561458587646484,0.17238501848206944,0.4912255474440431,-0.4043743274228529,396,200,396,200,7,2219532,13,1,10.0,,0.5,0.9,,noisy_or,7,51,,,
delexp,adult,education,9.74209713935852,0.007850170135498047,9.73007082939148,0.004176139831542969,0.12813985834531672,0.4912255474440431,-0.2913426564453856,88,47,88,47,5,2219388,13,1,10.0,,0.5,0.9,,noisy_or,7,51,,,
delexp,adult,education,9.749151229858398,0.007951021194458008,9.737649917602539,0.003550291061401367,0.2721835173650161,0.4912255474440431,-0.3633644859552353,68,38,68,38,5,2219388,13,1,10.0,,0.5,0.9,,noisy_or,7,51,,,
delexp,adult,education,9.728180885314941,0.008375167846679688,9.715322732925415,0.00448298454284668,0.3876575545157146,0.4912255474440431,-0.28473786816694824,2,7,2,7,2,2219172,13,1,10.0,,0.5,0.9,,noisy_or,7,51,,,
delexp,adult,education,9.696779727935791,0.006880998611450195,9.684842824935913,0.005055904388427734,0.044391076283765374,0.4912255474440431,-0.38583190177824633,944,472,944,472,8,2219604,13,1,10.0,,0.5,0.9,,noisy_or,7,51,,,
delexp,adult,education,9.603279113769531,0.007107973098754883,9.591922044754028,0.004249095916748047,0.20517053484101544,0.4912255474440431,-0.23894890378414407,22,15,22,15,3,2219244,13,1,10.0,,0.5,0.9,,noisy_or,7,51,,,
delexp,adult,education,9.605653762817383,0.007072925567626953,9.595110893249512,0.0034699440002441406,0.2856506013160195,0.4912255474440431,-0.41555257338528245,148,78,148,78,6,2219460,13,1,10.0,,0.5,0.9,,noisy_or,7,51,,,
delexp,adult,education,9.594927549362183,0.0074977874755859375,9.58210301399231,0.005326747894287109,0.3755370187197442,0.4912255474440431,-0.27867760026896304,14,10,14,10,2,2219172,13,1,10.0,,0.5,0.9,,noisy_or,7,51,,,
delexp,adult,education,9.588626146316528,0.0074808597564697266,9.57603907585144,0.005106210708618164,0.3777823350976097,0.4912255474440431,-0.41616389482153215,72,40,72,40,5,2219388,13,1,10.0,,0.5,0.9,,noisy_or,7,51,,,
delexp,adult,education,9.563199996948242,0.0071849822998046875,9.550410985946655,0.0056040287017822266,0.1251151959633673,0.4912255474440431,-0.2898303252544109,124,65,124,65,5,2219388,13,1,10.0,,0.5,0.9,,noisy_or,7,51,,,
delexp,adult,education,9.712892055511475,0.00710606575012207,9.700991868972778,0.004794120788574219,0.15765766993773123,0.4912255474440431,-0.21519247133250197,20,14,20,14,3,2219244,13,1,10.0,,0.5,0.9,,noisy_or,7,51,,,
delexp,adult,education,9.641257286071777,0.007345914840698242,9.629838228225708,0.004073143005371094,0.27658946960808783,0.4912255474440431,-0.27465837116768027,8,10,8,10,3,2219244,13,1,10.0,,0.5,0.9,,noisy_or,7,51,,,
delexp,adult,education,9.672440767288208,0.007822990417480469,9.659161806106567,0.005455970764160156,0.08861314086465766,0.4912255474440431,-0.27157929770505607,126,65,126,65,5,2219388,13,1,10.0,,0.5,0.9,,noisy_or,7,51,,,
delexp,adult,education,9.70366621017456,0.007693052291870117,9.690690040588379,0.0052831172943115234,0.20568929738364805,0.4912255474440431,-0.28466283051000585,42,25,42,25,4,2219316,13,1,10.0,,0.5,0.9,,noisy_or,7,51,,,
delexp,adult,education,9.703423738479614,0.008297920227050781,9.69115686416626,0.003968954086303711,0.11888776853625527,0.4912255474440431,-0.24126206608630946,46,26,46,26,4,2219316,13,1,10.0,,0.5,0.9,,noisy_or,7,51,,,
delexp,adult,education,9.715941190719604,0.00791311264038086,9.703603982925415,0.004424095153808594,0.23682979978367436,0.4912255474440431,-0.34568762716456447,174,88,174,88,5,2219388,13,1,10.0,,0.5,0.9,,noisy_or,7,51,,,
delexp,adult,education,9.676214456558228,0.0075702667236328125,9.662198066711426,0.006446123123168945,0.08994749531812951,0.4912255474440431,-0.45406465674997387,1560,782,1560,782,9,2219676,13,1,10.0,,0.5,0.9,,noisy_or,7,51,,,
delexp,adult,education,9.57230520248413,0.00779414176940918,9.560625076293945,0.003885984420776367,0.11888776853625527,0.4912255474440431,-0.24126206608630946,46,26,46,26,4,2219316,13,1,10.0,,0.5,0.9,,noisy_or,7,51,,,
delexp,adult,education,9.646148681640625,0.007729053497314453,9.63458776473999,0.0038318634033203125,0.2959457445033209,0.4912255474440431,-0.32979105406984227,56,31,56,31,4,2219316,13,1,10.0,,0.5,0.9,,noisy_or,7,51,,,
delexp,adult,education,9.658341884613037,0.007203102111816406,9.646586894989014,0.004551887512207031,0.13109356978466669,0.4912255474440431,-0.3837286030741515,568,285,568,285,7,2219532,13,1,10.0,,0.5,0.9,,noisy_or,7,51,,,
delexp,adult,education,9.603958129882812,0.007990121841430664,9.590696096420288,0.00527191162109375,0.36787869550814933,0.4912255474440431,-0.4566666204813474,152,79,152,79,6,2219460,13,1,10.0,,0.5,0.9,,noisy_or,7,51,,,
delexp,adult,education,9.584464073181152,0.007328033447265625,9.570369005203247,0.0067670345306396484,0.08210114907212074,0.4912255474440431,-0.404686938172424,694,349,694,349,8,2219604,13,1,10.0,,0.5,0.9,,noisy_or,7,51,,,
delexp,adult,education,9.592414617538452,0.007642030715942383,9.57850980758667,0.006262779235839844,0.08246688367896515,0.4912255474440431,-0.3139607145667553,334,167,334,167,6,2219460,13,1,10.0,,0.5,0.9,,noisy_or,7,51,,,
delexp,flight,FlightNum,49.95137095451355,0.017896175384521484,49.92727875709534,0.006196022033691406,0.9565649872576493,0.8205232277377258,-0.7282824936288246,192,101,192,101,6,4729888,17,1,10.0,,0.5,0.9,,noisy_or,9,112,,,
delexp,flight,FlightNum,49.9569251537323,0.014104127883911133,49.93760895729065,0.005212068557739258,0.7495733818321307,0.8205232277377258,-0.5831200242493987,112,59,112,59,5,4729816,17,1,10.0,,0.5,0.9,,noisy_or,9,112,,,
delexp,flight,FlightNum,50.06070113182068,0.014223098754882812,50.03777194023132,0.008706092834472656,0.5270554320492735,0.8205232277377258,-0.4301943826913034,16,14,16,14,4,4729744,17,1,10.0,,0.5,0.9,,noisy_or,9,112,,,
delexp,flight,FlightNum,49.77378225326538,0.016852140426635742,49.751664876937866,0.005265235900878906,0.5967702031594602,0.8205232277377258,-0.5067184349130635,54,30,54,30,5,4729816,17,1,10.0,,0.5,0.9,,noisy_or,9,112,,,
delexp,flight,FlightNum,50.08337712287903,0.015435934066772461,50.06352424621582,0.004416942596435547,0.7808899926525881,0.8205232277377258,-0.515444996326294,16,15,16,15,3,4729672,17,1,10.0,,0.5,0.9,,noisy_or,9,112,,,
delexp,flight,FlightNum,49.85516595840454,0.013195991516113281,49.83625602722168,0.005713939666748047,0.4085204709598038,0.8205232277377258,-0.37092690214656854,16,12,16,12,4,4729744,17,1,10.0,,0.5,0.9,,noisy_or,9,112,,,
delexp,flight,FlightNum,49.32472515106201,0.014300823211669922,49.30578422546387,0.004640102386474609,0.22238523624948858,0.8205232277377258,-0.3195259514580776,96,48,96,48,5,4729816,17,1,10.0,,0.5,0.9,,noisy_or,9,112,,,
delexp,flight,FlightNum,49.6382622718811,0.015653133392333984,49.61718511581421,0.005424022674560547,0.6094699134648502,0.8205232277377258,-0.5547349567324251,64,36,64,36,6,4729888,17,1,10.0,,0.5,0.9,,noisy_or,9,112,,,
delexp,flight,FlightNum,49.63286566734314,0.01549386978149414,49.61208486557007,0.0052869319915771484,0.5587091465830927,0.8205232277377258,-0.4876879066248797,64,36,64,36,5,4729816,17,1,10.0,,0.5,0.9,,noisy_or,9,112,,,
delexp,flight,FlightNum,49.240822076797485,0.015872955322265625,49.21968722343445,0.005261898040771484,0.714715494883045,0.8205232277377258,-0.5240244141081891,76,41,76,41,4,4729744,17,1,10.0,,0.5,0.9,,noisy_or,9,112,,,
delexp,flight,FlightNum,49.695666790008545,0.015061140060424805,49.65550780296326,0.02509784698486328,0.896438557160298,0.8205232277377258,-0.7815526119134824,1024,513,1024,513,8,4730032,17,1,10.0,,0.5,0.9,,noisy_or,9,112,,,
delexp,flight,FlightNum,49.792346239089966,0.016193151473999023,49.77033591270447,0.0058171749114990234,0.5171891731056872,0.8205232277377258,-0.42526125321951025,32,20,32,20,4,4729744,17,1,10.0,,0.5,0.9,,noisy_or,9,112,,,
delexp,flight,FlightNum,48.84795808792114,0.015119791030883789,48.827972173690796,0.004866123199462891,0.7487279886304455,0.8205232277377258,-0.5826973276485561,64,36,64,36,5,4729816,17,1,10.0,,0.5,0.9,,noisy_or,9,112,,,
delexp,flight,FlightNum,49.94074058532715,0.014698982238769531,49.9217483997345,0.004293203353881836,0.7820309880785792,0.8205232277377258,-0.6410154940392896,96,52,96,52,6,4729888,17,1,10.0,,0.5,0.9,,noisy_or,9,112,,,
delexp,flight,FlightNum,49.52708387374878,0.016103029251098633,49.505576848983765,0.005403995513916016,0.9359257270649665,0.8205232277377258,-0.7179628635324833,176,90,176,90,6,4729888,17,1,10.0,,0.5,0.9,,noisy_or,9,112,,,
delexp,flight,FlightNum,49.777167558670044,0.015558004379272461,49.75651788711548,0.005091667175292969,0.402296668678478,0.8205232277377258,-0.3678150010059057,16,12,16,12,4,4729744,17,1,10.0,,0.5,0.9,,noisy_or,9,112,,,
delexp,flight,FlightNum,49.71927189826965,0.013837099075317383,49.700498819351196,0.0049359798431396484,0.650325800822705,0.8205232277377258,-0.49182956707801917,16,14,16,14,4,4729744,17,1,10.0,,0.5,0.9,,noisy_or,9,112,,,
delexp,flight,FlightNum,49.75489783287048,0.013894796371459961,49.73678994178772,0.004213094711303711,0.5079532076192884,0.8205232277377258,-0.4206432704763109,32,20,32,20,4,4729744,17,1,10.0,,0.5,0.9,,noisy_or,9,112,,,
delexp,flight,FlightNum,49.221352100372314,0.013408184051513672,49.20355987548828,0.004384040832519531,0.7873969252058415,0.8205232277377258,-0.6020317959362541,48,31,48,31,5,4729816,17,1,10.0,,0.5,0.9,,noisy_or,9,112,,,
delexp,flight,FlightNum,49.57108926773071,0.013643026351928711,49.55271816253662,0.004728078842163086,0.7481516039142335,0.8205232277377258,-0.5407424686237834,72,40,72,40,4,4729744,17,1,10.0,,0.5,0.9,,noisy_or,9,112,,,
delexp,flight,FlightNum,49.694931983947754,0.014132022857666016,49.67628788948059,0.00451207160949707,0.4405177182423675,0.8205232277377258,-0.4285921924545171,40,22,40,22,5,4729816,17,1,10.0,,0.5,0.9,,noisy_or,9,112,,,
delexp,flight,FlightNum,49.46150612831116,0.013300895690917969,49.444496154785156,0.003709077835083008,0.5750960631602648,0.8205232277377258,-0.5375480315801324,224,112,224,112,6,4729888,17,1,10.0,,0.5,0.9,,noisy_or,9,112,,,
delexp,flight,FlightNum,49.71108293533325,0.013681173324584961,49.692813873291016,0.004587888717651367,0.6503298085922379,0.8205232277377258,-0.4918315709627856,16,14,16,14,4,4729744,17,1,10.0,,0.5,0.9,,noisy_or,9,112,,,
delexp,flight,FlightNum,49.425166845321655,0.01379704475402832,49.40636396408081,0.005005836486816406,0.8206792838199936,0.8205232277377258,-0.5770063085766635,16,15,16,15,4,4729744,17,1,10.0,,0.5,0.9,,noisy_or,9,112,,,
delexp,flight,FlightNum,49.50889706611633,0.013548135757446289,49.49022388458252,0.0051250457763671875,0.29440657920537083,0.8205232277377258,-0.35553662293601873,88,44,88,44,5,4729816,17,1,10.0,,0.5,0.9,,noisy_or,9,112,,,
delexp,flight,FlightNum,49.50398015975952,0.013709783554077148,49.48453617095947,0.00573420524597168,0.6934648539859389,0.8205232277377258,-0.6383990936596362,160,82,160,82,7,4729960,17,1,10.0,,0.5,0.9,,noisy_or,9,112,,,
delexp,flight,FlightNum,71.75295329093933,0.0137481689453125,71.73451495170593,0.0046901702880859375,0.7366641597191084,0.8205232277377258,-0.5766654131928876,72,39,72,39,5,4729816,17,1,10.0,,0.5,0.9,,noisy_or,9,112,,,
delexp,flight,FlightNum,49.64647960662842,0.013833999633789062,49.62783980369568,0.004805803298950195,0.5222498715332387,0.8205232277377258,-0.4694582690999527,24,18,24,18,5,4729816,17,1,10.0,,0.5,0.9,,noisy_or,9,112,,,
delexp,flight,FlightNum,49.511817932128906,0.013769865036010742,49.49348306655884,0.004565000534057617,0.5027577046527563,0.8205232277377258,-0.5013788523263781,72,39,72,39,6,4729888,17,1,10.0,,0.5,0.9,,noisy_or,9,112,,,
delexp,flight,FlightNum,648.5443308353424,0.013667106628417969,648.5264408588409,0.004222869873046875,0.4908084529856058,0.8205232277377258,-0.3704042264928029,16,12,16,12,3,4729672,17,1,10.0,,0.5,0.9,,noisy_or,9,112,,,
delexp,flight,FlightNum,49.429203271865845,0.013731002807617188,49.41151428222656,0.003957986831665039,0.41544302262006105,0.8205232277377258,-0.3743881779766972,40,22,40,22,4,4729744,17,1,10.0,,0.5,0.9,,noisy_or,9,112,,,
delexp,flight,FlightNum,49.60542321205139,0.013506174087524414,49.5874707698822,0.004446268081665039,0.4347111091558664,0.8205232277377258,-0.38402222124459984,36,21,36,21,4,4729744,17,1,10.0,,0.5,0.9,,noisy_or,9,112,,,
delexp,flight,FlightNum,49.762836933135986,0.013671875,49.7447350025177,0.004430055618286133,0.8972971437656648,0.8205232277377258,-0.6569819052161657,96,53,96,53,5,4729816,17,1,10.0,,0.5,0.9,,noisy_or,9,112,,,
delexp,flight,FlightNum,58.81641483306885,0.01349496841430664,58.7990300655365,0.003889799118041992,0.45097374175519067,0.8205232277377258,-0.4338202042109287,60,33,60,33,5,4729816,17,1,10.0,,0.5,0.9,,noisy_or,9,112,,,
delexp,flight,FlightNum,49.7097704410553,0.013569831848144531,49.69165825843811,0.004542350769042969,0.608505516631857,0.8205232277377258,-0.5959194249825952,160,82,160,82,7,4729960,17,1,10.0,,0.5,0.9,,noisy_or,9,112,,,
delexp,flight,FlightNum,49.66324496269226,0.013183116912841797,49.644901752471924,0.005160093307495117,0.5180109171422556,0.8205232277377258,-0.5506721252377944,348,175,348,175,7,4729960,17,1,10.0,,0.5,0.9,,noisy_or,9,112,,,
delexp,flight,FlightNum,323.00921297073364,0.013612747192382812,322.98990416526794,0.00569605827331543,0.8643635574805795,0.8205232277377258,-0.6405151120736231,48,31,48,31,5,4729816,17,1,10.0,,0.5,0.9,,noisy_or,9,112,,,
delexp,flight,FlightNum,49.716110706329346,0.014111995697021484,49.696675062179565,0.005323648452758789,0.4347111091558664,0.8205232277377258,-0.38402222124459984,36,21,36,21,4,4729744,17,1,10.0,,0.5,0.9,,noisy_or,9,112,,,
delexp,flight,FlightNum,49.688329219818115,0.013492107391357422,49.67057991027832,0.0042572021484375,0.37161421834814923,0.8205232277377258,-0.3108071091740746,18,12,18,12,3,4729672,17,1,10.0,,0.5,0.9,,noisy_or,9,112,,,
delexp,flight,FlightNum,49.90038084983826,0.013828039169311523,49.880455017089844,0.0060977935791015625,0.4085204709598038,0.8205232277377258,-0.3292602354799019,16,12,16,12,3,4729672,17,1,10.0,,0.5,0.9,,noisy_or,9,112,,,
delexp,flight,FlightNum,50.54247212409973,0.013828039169311523,50.52462697029114,0.0040171146392822266,0.9278214838891179,0.8205232277377258,-0.6305774086112256,96,51,96,51,4,4729744,17,1,10.0,,0.5,0.9,,noisy_or,9,112,,,
delexp,flight,FlightNum,50.05680012702942,0.014762163162231445,50.0372679233551,0.004770040512084961,0.8205232277377258,0.8205232277377258,-0.4935949472021962,0,9,0,9,2,4729600,17,1,10.0,,0.5,0.9,,noisy_or,9,112,,,
delexp,flight,FlightNum,49.725818157196045,0.015101194381713867,49.70571184158325,0.0050051212310791016,0.37161421834814923,0.8205232277377258,-0.3108071091740746,18,12,18,12,3,4729672,17,1,10.0,,0.5,0.9,,noisy_or,9,112,,,
delexp,flight,FlightNum,49.37141680717468,0.014868974685668945,49.35233688354492,0.004210948944091797,0.5634505226781275,0.8205232277377258,-0.5733919280057305,224,114,224,114,7,4729960,17,1,10.0,,0.5,0.9,,noisy_or,9,112,,,
delexp,flight,FlightNum,50.26531386375427,0.013452768325805664,50.24757695198059,0.0042841434478759766,0.8457092072495849,0.8205232277377258,-0.6728546036247924,192,97,192,97,6,4729888,17,1,10.0,,0.5,0.9,,noisy_or,9,112,,,
delexp,flight,FlightNum,50.521775007247925,0.01333928108215332,50.50433683395386,0.0040988922119140625,0.34801013526984903,0.8205232277377258,-0.2990050676349245,32,16,32,16,3,4729672,17,1,10.0,,0.5,0.9,,noisy_or,9,112,,,
delexp,flight,FlightNum,49.49922275543213,0.014929771423339844,49.480180978775024,0.0041120052337646484,0.6070501609601702,0.8205232277377258,-0.5535250804800851,152,78,152,78,6,4729888,17,1,10.0,,0.5,0.9,,noisy_or,9,112,,,
delexp,flight,FlightNum,50.33675718307495,0.013505220413208008,50.31948685646057,0.003765106201171875,0.42838685496712936,0.8205232277377258,-0.422526760816898,112,56,112,56,5,4729816,17,1,10.0,,0.5,0.9,,noisy_or,9,112,,,
delexp,flight,FlightNum,49.996134757995605,0.014846086502075195,49.97707986831665,0.004208803176879883,0.40377640842037377,0.8205232277377258,-0.4518882042101869,176,88,176,88,6,4729888,17,1,10.0,,0.5,0.9,,noisy_or,9,112,,,
delexp,flight,FlightNum,50.046818017959595,0.014384746551513672,50.02854824066162,0.003885030746459961,0.7688029981335316,0.8205232277377258,-0.5094014990667658,16,13,16,13,3,4729672,17,1,10.0,,0.5,0.9,,noisy_or,9,112,,,
delexp,tax,marital_status,0.00809025764465332,0.005644083023071289,0.0007548332214355469,0.0016913414001464844,0.9999999999999998,0.9999999999999998,-0.4999999999999999,0,26,0,26,0,15528,8,0,10.0,,0.5,0.9,,noisy_or,26,31,,,
delexp,tax,marital_status,0.00795602798461914,0.004606008529663086,0.0007491111755371094,0.0026009082794189453,0.0,0.9999999999999998,-0.5,0,-1,0,-1,2,15672,8,1,10.0,,0.5,0.9,,noisy_or,26,31,,,
delexp,tax,marital_status,0.008072137832641602,0.004632234573364258,0.0007488727569580078,0.002691030502319336,0.0,0.9999999999999998,-0.5,0,-1,0,-1,2,15672,8,1,10.0,,0.5,0.9,,noisy_or,26,31,,,
delexp,tax,marital_status,0.007071256637573242,0.0044748783111572266,0.0007631778717041016,0.001833200454711914,0.9999999999999998,0.9999999999999998,-0.4999999999999999,0,26,0,26,0,15528,8,0,10.0,,0.5,0.9,,noisy_or,26,31,,,
delexp,tax,marital_status,0.007900238037109375,0.004516124725341797,0.0007569789886474609,0.002627134323120117,0.0,0.9999999999999998,-0.5,0,-1,0,-1,2,15672,8,1,10.0,,0.5,0.9,,noisy_or,26,31,,,
delexp,tax,marital_status,0.007977008819580078,0.004503965377807617,0.0007610321044921875,0.0027120113372802734,0.0,0.9999999999999998,-0.5,0,-1,0,-1,2,15672,8,1,10.0,,0.5,0.9,,noisy_or,26,31,,,
delexp,tax,marital_status,0.008109092712402344,0.004630088806152344,0.0008189678192138672,0.002660036087036133,0.0,0.9999999999999998,-0.75,0,-1,0,-1,3,15744,8,1,10.0,,0.5,0.9,,noisy_or,26,31,,,
delexp,tax,marital_status,0.0074884891510009766,0.004815101623535156,0.0008862018585205078,0.0017871856689453125,0.9999999999999998,0.9999999999999998,-0.4999999999999999,0,26,0,26,0,15528,8,0,10.0,,0.5,0.9,,noisy_or,26,31,,,
delexp,tax,marital_status,0.0070149898529052734,0.004846096038818359,0.0007727146148681641,0.00139617919921875,0.9999999999999998,0.9999999999999998,-0.4999999999999999,0,26,0,26,0,15528,8,0,10.0,,0.5,0.9,,noisy_or,26,31,,,
delexp,tax,marital_status,0.008322954177856445,0.00477910041809082,0.0007607936859130859,0.002783060073852539,0.0,0.9999999999999998,-0.5,0,-1,0,-1,2,15672,8,1,10.0,,0.5,0.9,,noisy_or,26,31,,,
delexp,tax,marital_status,0.007988929748535156,0.004626035690307617,0.0007948875427246094,0.0025680065155029297,0.0,0.9999999999999998,-0.5,0,-1,0,-1,2,15672,8,1,10.0,,0.5,0.9,,noisy_or,26,31,,,
delexp,tax,marital_status,0.00710296630859375,0.004854917526245117,0.0007610321044921875,0.0014870166778564453,0.9999999999999998,0.9999999999999998,-0.4999999999999999,0,26,0,26,0,15528,8,0,10.0,,0.5,0.9,,noisy_or,26,31,,,
delexp,tax,marital_status,0.0076372623443603516,0.004710197448730469,0.0008988380432128906,0.002028226852416992,0.9999999999999998,0.9999999999999998,-0.4999999999999999,0,26,0,26,0,15528,8,0,10.0,,0.5,0.9,,noisy_or,26,31,,,
delexp,tax,marital_status,0.008417606353759766,0.0047719478607177734,0.0007658004760742188,0.0028798580169677734,0.0,0.9999999999999998,-0.5,0,-1,0,-1,2,15672,8,1,10.0,,0.5,0.9,,noisy_or,26,31,,,
delexp,tax,marital_status,0.007819890975952148,0.005222797393798828,0.0007731914520263672,0.0018239021301269531,0.9999999999999998,0.9999999999999998,-0.4999999999999999,0,26,0,26,0,15528,8,0,10.0,,0.5,0.9,,noisy_or,26,31,,,
delexp,tax,marital_status,0.008636951446533203,0.005226850509643555,0.0008540153503417969,0.0025560855865478516,0.0,0.9999999999999998,-0.75,0,-1,0,-1,3,15744,8,1,10.0,,0.5,0.9,,noisy_or,26,31,,,
delexp,tax,marital_status,0.00738215446472168,0.005023002624511719,0.00080108642578125,0.001558065414428711,0.9999999999999998,0.9999999999999998,-0.4999999999999999,0,26,0,26,0,15528,8,0,10.0,,0.5,0.9,,noisy_or,26,31,,,
delexp,tax,marital_status,0.00785684585571289,0.004548788070678711,0.0007722377777099609,0.0025358200073242188,0.0,0.9999999999999998,-0.5,0,-1,0,-1,2,15672,8,1,10.0,,0.5,0.9,,noisy_or,26,31,,,
delexp,tax,marital_status,0.007073163986206055,0.00480198860168457,0.0007991790771484375,0.0014719963073730469,0.9999999999999998,0.9999999999999998,-0.4999999999999999,0,26,0,26,0,15528,8,0,10.0,,0.5,0.9,,noisy_or,26,31,,,
delexp,tax,marital_status,0.011642694473266602,0.007340908050537109,0.0016438961029052734,0.0026578903198242188,0.0,0.9999999999999998,-0.5,0,-1,0,-1,2,15672,8,1,10.0,,0.5,0.9,,noisy_or,26,31,,,
delexp,tax,marital_status,0.012032032012939453,0.007416963577270508,0.001750946044921875,0.0028641223907470703,0.0,0.9999999999999998,-0.5,0,-1,0,-1,2,15672,8,1,10.0,,0.5,0.9,,noisy_or,26,31,,,
delexp,tax,marital_status,0.014942169189453125,0.009333610534667969,0.002185344696044922,0.0034232139587402344,0.0,0.9999999999999998,-0.5,0,-1,0,-1,2,15672,8,1,10.0,,0.5,0.9,,noisy_or,26,31,,,
delexp,tax,marital_status,0.01316690444946289,0.00783085823059082,0.0024650096893310547,0.0028710365295410156,0.0,0.9999999999999998,-0.5,0,-1,0,-1,2,15672,8,1,10.0,,0.5,0.9,,noisy_or,26,31,,,
delexp,tax,marital_status,0.009510040283203125,0.005660057067871094,0.001007080078125,0.0028429031372070312,0.9840250534143401,0.9999999999999998,-0.74201252670717,0,3,0,3,1,15600,8,1,10.0,,0.5,0.9,,noisy_or,26,31,,,
delexp,tax,marital_status,0.007307767868041992,0.004812955856323242,0.0008068084716796875,0.0016880035400390625,0.9999999999999998,0.9999999999999998,-0.4999999999999999,0,26,0,26,0,15528,8,0,10.0,,0.5,0.9,,noisy_or,26,31,,,
delexp,tax,marital_status,0.007091045379638672,0.004770994186401367,0.000782012939453125,0.0015380382537841797,0.9999999999999998,0.9999999999999998,-0.4999999999999999,0,26,0,26,0,15528,8,0,10.0,,0.5,0.9,,noisy_or,26,31,,,
delexp,tax,marital_status,0.009506940841674805,0.006448030471801758,0.0014579296112060547,0.0016009807586669922,0.9999999999999998,0.9999999999999998,-0.4999999999999999,0,26,0,26,0,15528,8,0,10.0,,0.5,0.9,,noisy_or,26,31,,,
delexp,tax,marital_status,0.010017871856689453,0.006406068801879883,0.00173187255859375,0.0018799304962158203,0.9999999999999998,0.9999999999999998,-0.4999999999999999,0,26,0,26,0,15528,8,0,10.0,,0.5,0.9,,noisy_or,26,31,,,
delexp,tax,marital_status,0.010811328887939453,0.008421897888183594,0.0009253025054931641,0.0014641284942626953,0.9999999999999998,0.9999999999999998,-0.4999999999999999,0,26,0,26,0,15528,8,0,10.0,,0.5,0.9,,noisy_or,26,31,,,
delexp,tax,marital_status,0.009608030319213867,0.005387067794799805,0.0012378692626953125,0.00298309326171875,0.0,0.9999999999999998,-0.5,0,-1,0,-1,2,15672,8,1,10.0,,0.5,0.9,,noisy_or,26,31,,,
delexp,tax,marital_status,0.011827707290649414,0.007600069046020508,0.0012936592102050781,0.002933979034423828,0.0,0.9999999999999998,-0.5,0,-1,0,-1,2,15672,8,1,10.0,,0.5,0.9,,noisy_or,26,31,,,
delexp,tax,marital_status,0.008554220199584961,0.004969358444213867,0.001264810562133789,0.0023200511932373047,0.9840250534143401,0.9999999999999998,-0.74201252670717,0,3,0,3,1,15600,8,1,10.0,,0.5,0.9,,noisy_or,26,31,,,
delexp,tax,marital_status,0.01189279556274414,0.007246971130371094,0.0015838146209716797,0.003062009811401367,0.0,0.9999999999999998,-0.5,0,-1,0,-1,2,15672,8,1,10.0,,0.5,0.9,,noisy_or,26,31,,,
delexp,tax,marital_status,0.011677742004394531,0.00785374641418457,0.0018761157989501953,0.0019478797912597656,0.9999999999999998,0.9999999999999998,-0.4999999999999999,0,26,0,26,0,15528,8,0,10.0,,0.5,0.9,,noisy_or,26,31,,,
delexp,tax,marital_status,0.011962175369262695,0.008199214935302734,0.0017709732055664062,0.0019919872283935547,0.9999999999999998,0.9999999999999998,-0.4999999999999999,0,26,0,26,0,15528,8,0,10.0,,0.5,0.9,,noisy_or,26,31,,,
delexp,tax,marital_status,0.010490894317626953,0.005853891372680664,0.00115203857421875,0.003484964370727539,0.9840250534143401,0.9999999999999998,-0.74201252670717,0,3,0,3,1,15600,8,1,10.0,,0.5,0.9,,noisy_or,26,31,,,
delexp,tax,marital_status,0.009938955307006836,0.005510807037353516,0.0014431476593017578,0.0029850006103515625,0.9999999999078708,0.9999999999999998,-0.7499999999539354,46,26,46,26,1,15600,8,1,10.0,,0.5,0.9,,noisy_or,26,31,,,
delexp,tax,marital_status,0.011277198791503906,0.006674051284790039,0.0015332698822021484,0.0030698776245117188,0.0,0.9999999999999998,-0.5,0,-1,0,-1,2,15672,8,1,10.0,,0.5,0.9,,noisy_or,26,31,,,
delexp,tax,marital_status,0.007842779159545898,0.005153656005859375,0.001081228256225586,0.0016078948974609375,0.9999999999999998,0.9999999999999998,-0.4999999999999999,0,26,0,26,0,15528,8,0,10.0,,0.5,0.9,,noisy_or,26,31,,,
delexp,tax,marital_status,0.009912967681884766,0.006675243377685547,0.0017309188842773438,0.001506805419921875,0.9999999999999998,0.9999999999999998,-0.4999999999999999,0,26,0,26,0,15528,8,0,10.0,,0.5,0.9,,noisy_or,26,31,,,
delexp,tax,marital_status,0.011713266372680664,0.006783962249755859,0.0016202926635742188,0.003309011459350586,0.9999999999078714,0.9999999999999998,-0.7499999999539357,46,26,46,26,1,15600,8,1,10.0,,0.5,0.9,,noisy_or,26,31,,,
delexp,tax,marital_status,0.013920068740844727,0.008590936660766602,0.0018548965454101562,0.0034742355346679688,0.0,0.9999999999999998,-0.5,0,-1,0,-1,2,15672,8,1,10.0,,0.5,0.9,,noisy_or,26,31,,,
delexp,tax,marital_status,0.012073040008544922,0.009192943572998047,0.0013010501861572266,0.0015790462493896484,0.9999999999999998,0.9999999999999998,-0.4999999999999999,0,26,0,26,0,15528,8,0,10.0,,0.5,0.9,,noisy_or,26,31,,,
delexp,tax,marital_status,0.00916147232055664,0.005002021789550781,0.0010983943939208984,0.003061056137084961,0.0,0.9999999999999998,-0.5,0,-1,0,-1,2,15672,8,1,10.0,,0.5,0.9,,noisy_or,26,31,,,
delexp,tax,marital_status,0.008615255355834961,0.004952907562255859,0.0011432170867919922,0.0025191307067871094,0.0,0.9999999999999998,-0.5,0,-1,0,-1,2,15672,8,1,10.0,,0.5,0.9,,noisy_or,26,31,,,
delexp,tax,marital_status,0.00892782211303711,0.005117893218994141,0.0010941028594970703,0.0027158260345458984,0.0,0.9999999999999998,-0.5,0,-1,0,-1,2,15672,8,1,10.0,,0.5,0.9,,noisy_or,26,31,,,
delexp,tax,marital_status,0.008820772171020508,0.004940986633300781,0.001277923583984375,0.0026018619537353516,0.0,0.9999999999999998,-0.5,0,-1,0,-1,2,15672,8,1,10.0,,0.5,0.9,,noisy_or,26,31,,,
delexp,tax,marital_status,0.010506868362426758,0.007048130035400391,0.0017900466918945312,0.001668691635131836,0.9999999999999998,0.9999999999999998,-0.4999999999999999,0,26,0,26,0,15528,8,0,10.0,,0.5,0.9,,noisy_or,26,31,,,
delexp,tax,marital_status,0.013195037841796875,0.007964849472045898,0.0014619827270507812,0.0037682056427001953,0.0,0.9999999999999998,-0.75,0,-1,0,-1,3,15744,8,1,10.0,,0.5,0.9,,noisy_or,26,31,,,
delexp,tax,marital_status,0.01395106315612793,0.00829315185546875,0.0016407966613769531,0.0040171146392822266,0.0,0.9999999999999998,-0.5,0,-1,0,-1,2,15672,8,1,10.0,,0.5,0.9,,noisy_or,26,31,,,
